scrape_date,website_url,Product_ID,GTIN,Brand,product,price,pack_size,multibuy_deal_quantity,multibuy_deal_price,undiscounted_price,delivery_available,review_rating,review_count,style,type,packaging,standard_drinks,alcohol_content,organic,origin
10/8/2021,https://www.liquorland.com.au/beer/carlton-dry-bottle-330ml_473583,473583,9.32E+12,Carlton,Dry Bottle 330mL,50,Pack (24),2,94,,TRUE,4.4,10,Dry,Dry,Bottle,1.2,4.50%,No,Australia
10/8/2021,https://www.liquorland.com.au/beer/corona-bottle-355ml_54492,54492,7.50106E+12,Corona,Bottle 355mL,57,Pack (24),,,58,TRUE,5,5,Lager,Lager,Bottle,1.3,4.50%,No,Mexico
10/8/2021,https://www.liquorland.com.au/beer/xxxx-gold-block-can-375ml_6577554,6577554,9.31088E+12,XXXX,Gold Block Can 375mL,49,Pack (30),,,,TRUE,4.7,14,Mid Strength,Mid Strength,Can,1.1,3.50%,No,Australia
10/8/2021,https://www.liquorland.com.au/beer/great-northern-super-crisp-lager-block-can-375ml_2605953,2605953,9.32E+12,Great Northern,Super Crisp Lager Block Can 375mL,57,Pack (30),,,,TRUE,4.8,10,,,Can,1.1,3.50%,No,Australia
10/8/2021,https://www.liquorland.com.au/beer/tooheys-new-block-can-375ml_6577678,6577678,9.31189E+12,Tooheys,New Block Can 375mL,56,Pack (30),,,,TRUE,4.7,6,Draught,Draught,Can,1.4,4.60%,No,Australia
10/8/2021,https://www.liquorland.com.au/beer/victoria-bitter-bottle-375ml_10078,10078,9.32E+12,Victoria Bitter,Bottle 375mL,51,Pack (24),,,,TRUE,4,5,Bitter,bitter,Bottle,1.5,4.90%,No,Australia
10/8/2021,https://www.liquorland.com.au/beer/pure-blonde-bottle-355ml_4296791,4296791,9.32E+12,Pure Blonde,Bottle 355mL,48,Pack (24),,,,TRUE,5,4,Lager,Blonde,Bottle,1.2,4.20%,No,Australia
10/8/2021,https://www.liquorland.com.au/beer/asahi-super-dry-bottle-330ml_21944,21944,9.32998E+12,Asahi,Super Dry Bottle 330mL,52,Pack (24),,,45,TRUE,4.3,7,Dry,Dry,Bottle,1.4,5.00%,No,Australia
10/8/2021,https://www.liquorland.com.au/beer/great-northern-super-crisp-lager-bottle-330ml_2374180,2374180,9.32E+12,Great Northern,Super Crisp Lager Bottle 330mL,48,Pack (24),,,,TRUE,4.4,5,,,Bottle,1,3.50%,No,Australia
10/8/2021,https://www.liquorland.com.au/beer/great-northern-original-lager-bottle-330ml_7973910,7973910,9.32E+12,Great Northern,Original Lager Bottle 330mL,49,Pack (24),,,53,TRUE,3,3,Lager,Lager,Bottle,1.1,4.20%,No,Australia
10/8/2021,https://www.liquorland.com.au/beer/hahn-super-dry-bottle-330ml_5396984,5396984,9.31342E+12,Hahn,Super Dry Bottle 330mL,50,Pack (24),,,45,TRUE,5,5,Dry,Dry,Bottle,1.2,4.60%,No,Australia
10/8/2021,https://www.liquorland.com.au/beer/tooheys-extra-dry-bottle-345ml_93606,93606,9.31189E+12,Tooheys,Extra Dry Bottle 345mL,45,Pack (24),,,,TRUE,4.2,6,Dry,Dry,Bottle,1.2,4.40%,No,Australia
10/8/2021,https://www.liquorland.com.au/beer/heineken-bottle-330ml_60202,60202,9.32772E+12,Heineken,Bottle 330mL,49,Pack (24),,,58,TRUE,4.6,5,Lager,Lager,Bottle,1.4,5.00%,No,Australia
10/8/2021,https://www.liquorland.com.au/beer/coopers-original-pale-ale-bottle-375ml_49665,49665,9.31044E+12,Coopers,Original Pale Ale Bottle 375mL,53,Pack (24),,,,TRUE,4.9,9,Pale Ale,Pale Ale,Bottle,1.4,4.50%,No,Australia
10/8/2021,https://www.liquorland.com.au/beer/hammer-n-tongs-draught-block-can-330ml_2351902,2351902,9.31394E+12,Hammer N Tongs,Draught Block Can 330mL,36,Pack (30),,,45,TRUE,4.7,15,,,Can,1.1,4.00%,No,Viet Nam
10/8/2021,https://www.liquorland.com.au/beer/victoria-bitter-block-can-375ml_6748704,6748704,9.32E+12,Victoria Bitter,Block Can 375mL,60,Pack (30),,,,TRUE,4.9,10,Bitter,bitter,Can,1.5,4.90%,No,Australia
10/8/2021,https://www.liquorland.com.au/beer/tinnies-pale-ale-can-375ml_3327572,3327572,9.31394E+12,Tinnies,Pale Ale Can 375mL,53,Pack (24),,,,TRUE,4.5,11,Pale Ale,Pale Ale,Can,1.5,4.90%,No,Australia
10/8/2021,https://www.liquorland.com.au/beer/peroni-nastro-azzurro-bottle-330ml_54447,54447,8.00844E+12,Peroni,Nastro Azzurro Bottle 330mL,51,Pack (24),,,58,TRUE,5,3,Lager,Lager,Bottle,1.4,5.10%,No,Italy
10/8/2021,https://www.liquorland.com.au/beer/tooheys-new-bottle-375ml_99981,99981,9.31189E+12,Tooheys,New Bottle 375mL,50,Pack (24),,,,TRUE,5,5,Draught,Draught,Bottle,1.4,4.60%,No,Australia
10/8/2021,https://www.liquorland.com.au/beer/crown-lager-bottle-375ml_36191,36191,9.32E+12,Crown,Lager Bottle 375mL,58,Pack (24),,,58,TRUE,5,5,Lager,Lager,Bottle,1.5,4.90%,No,Australia
10/8/2021,https://www.liquorland.com.au/beer/xxxx-gold-bottle-375ml_35927,35927,9.31088E+12,XXXX,Gold Bottle 375mL,45,Pack (24),,,,TRUE,4.2,5,Mid Strength,Mid Strength,Bottle,1.1,3.50%,No,Australia
10/8/2021,https://www.liquorland.com.au/beer/james-squire-150-lashes-pale-ale-bottle-345ml_8686721,8686721,9.32553E+12,James Squire,150 Lashes Pale Ale Bottle 345mL,53,Pack (24),,,69,TRUE,3,3,Pale Ale,Pale Ale,Bottle,1.2,4.20%,No,Australia
10/8/2021,https://www.liquorland.com.au/beer/somersby-apple-cider-can-375ml-10-pack-_1253180,1253180,9.32998E+12,Somersby,Apple Cider Can 375ml (10 pack),23,Pack (10),,,27,TRUE,4.8,4,Apple Cider,,Can,1.4,4.50%,No,Australia
10/8/2021,https://www.liquorland.com.au/beer/uberbrau-imported-lager-bottle-330ml_2018630,2018630,9.31394E+12,Uberbrau,Imported Lager Bottle 330mL,35,Pack (24),,,,TRUE,4.4,18,,,Bottle,1.1,4.00%,No,Germany
10/8/2021,https://www.liquorland.com.au/beer/brite-blonde-ultra-low-carb-bottle-330ml_2903317,2903317,9.31394E+12,Brite Blonde,Ultra Low Carb Bottle 330mL,38,Pack (24),,,,TRUE,4.6,19,,,Bottle,1.1,4.20%,No,Australia
10/8/2021,https://www.liquorland.com.au/beer/hahn-ultra-crisp-bottle-330ml_3464573,3464573,9.31342E+12,Hahn,Ultra Crisp Bottle 330mL,50,Pack (24),,,45,TRUE,4.9,7,Dry,Dry,Bottle,1.1,4.20%,No,Australia
10/8/2021,https://www.liquorland.com.au/beer/henninger-premium-lager-bottle-330ml_2193222,2193222,4.0534E+12,Henninger,Premium Lager Bottle 330mL,46,Pack (24),,,58,TRUE,4.6,15,Lager,,Bottle,1.3,4.80%,No,Germany
10/8/2021,https://www.liquorland.com.au/beer/stella-artois-bottle-330ml_21845,21845,9.32E+12,Stella Artois,Bottle 330mL,46,Pack (24),,,48,TRUE,3,1,Lager,Lager,Bottle,1.3,4.80%,No,Australia
10/8/2021,https://www.liquorland.com.au/beer/uberbrau-ultra-low-alcohol-lager-330ml_3787608,3787608,9.31394E+12,Uberbrau,Ultra Low Alcohol Lager 330mL,27,Pack (24),,,30,TRUE,4.8,16,Lager,Lager,Bottle,0.2,0.40%,No,Germany
10/8/2021,https://www.liquorland.com.au/beer/furphy-refreshing-ale-bottle-375ml_2226139,2226139,9.32873E+12,Furphy,Refreshing Ale Bottle 375mL,51,Pack (24),,,,TRUE,4.8,5,,,Bottle,1.4,4.40%,No,Australia
10/8/2021,https://www.liquorland.com.au/beer/carlton-dry-can-375ml_1576510,1576510,9.32E+12,Carlton,Dry Can 375mL,55,Pack (24),,,,TRUE,5,1,,,Bottle,1.4,4.50%,No,Australia
10/8/2021,https://www.liquorland.com.au/beer/tinnies-hazy-pale-can-375ml_4225873,4225873,9.31394E+12,Tinnies,Hazy Pale Can 375mL,53,Pack (24),,,,TRUE,5,7,Pale Ale,Pale Ale,Can,1.5,4.80%,No,Australia
10/8/2021,https://www.liquorland.com.au/beer/stone-wood-pacific-ale-bottle-330ml_7678295,7678295,9.3419E+12,Stone & Wood,Pacific Ale Bottle 330mL,78,Pack (24),,,,TRUE,4.8,4,Pacific Ale,Pacific Ale,Bottle,1.2,4.40%,No,Australia
10/8/2021,https://www.liquorland.com.au/beer/mr-finch-cider-rose-bottle-330ml_3643528,3643528,9.31394E+12,Mr Finch,Cider Rose Bottle 330mL,40,Pack (24),,,46,TRUE,4.3,7,,,Bottle,2.1,8.00%,No,Australia
10/8/2021,https://www.liquorland.com.au/beer/somersby-apple-cider-bottle-330ml_1085461,1085461,9.32998E+12,Somersby,Apple Cider Bottle 330mL,60,Pack (24),,,55,TRUE,5,2,Apple Cider,,Bottle,1.2,4.50%,No,Australia
10/8/2021,https://www.liquorland.com.au/beer/tinnies-ultra-low-alcohol-can-375ml_3833487,3833487,9.31394E+12,Tinnies,Ultra Low Alcohol Can 375mL,38,Pack (24),,,,TRUE,5,15,Premium Light,Premium Light,Can,0.2,0.50%,No,Australia
10/8/2021,https://www.liquorland.com.au/beer/peroni-red-imported-bottle-330ml_2445212,2445212,8.00844E+12,Peroni,Red Imported Bottle 330mL,49,Pack (24),,,48,TRUE,4.8,10,,Lager,Bottle,1.3,4.70%,No,Italy
10/8/2021,https://www.liquorland.com.au/beer/brookvale-union-ginger-beer-can-330ml_3085327,3085327,9.34484E+12,Brookvale,Union Ginger Beer Can 330mL,30,Pack (6),,,,TRUE,4.8,4,,Ginger Beer,Can,1.1,4.00%,No,Australia
10/8/2021,https://www.liquorland.com.au/beer/mr-finch-apple-lower-sugar-cider-bottle-330ml_3272415,3272415,9.31394E+12,Mr Finch,Apple Lower Sugar Cider Bottle 330mL,40,Pack (24),,,46,TRUE,4.3,6,Apple Cider,,Bottle,1.2,4.50%,No,Australia
10/8/2021,https://www.liquorland.com.au/beer/great-northern-zero-bottle-330ml_3865359,3865359,9.32E+12,Great Northern,Zero Bottle 330mL,42,Pack (24),,,,TRUE,4.7,7,,Non Alcoholic,Bottle,0.1,0.01%,No,Australia
10/8/2021,https://www.liquorland.com.au/beer/hahn-super-dry-3-5-block-can-375ml_2803582,2803582,9.31342E+12,Hahn,Super Dry 3.5 Block Can 375mL,53,Pack (30),,,,TRUE,5,1,,,Can,1.1,3.50%,No,Australia
10/8/2021,https://www.liquorland.com.au/beer/byron-bay-lager-bottle-355ml_3668664,3668664,9.32553E+12,Byron Bay,Lager Bottle 355mL,50,Pack (24),,,58,TRUE,3.6,5,Lager,Lager,Bottle,1.2,4.20%,No,Australia
10/8/2021,https://www.liquorland.com.au/beer/pure-blonde-can-375ml_6835263,6835263,9.32E+12,Pure Blonde,Can 375mL,54,Pack (24),,,,TRUE,4.3,3,Lager,Blonde,Can,1.3,4.20%,No,Australia
10/8/2021,https://www.liquorland.com.au/beer/steamrail-pale-ale-bottle-330ml_1083036,1083036,9.31394E+12,Steamrail,Pale Ale Bottle 330mL,44,Pack (24),,,,TRUE,4.6,20,Pale Ale,Pale Ale,Bottle,1.2,4.50%,No,Australia
10/8/2021,https://www.liquorland.com.au/beer/miller-chill-premium-bottle-330ml_6119731,6119731,9.34794E+12,Miller,Chill Premium Bottle 330mL,55,Pack (24),,,,TRUE,4.3,6,Radler,Radler,Bottle,1.1,4.00%,No,Australia
10/8/2021,https://www.liquorland.com.au/beer/hammer-n-tongs-gold-block-can-330ml_2351968,2351968,9.31394E+12,Hammer N Tongs,Gold Block Can 330mL,34,Pack (30),,,,TRUE,4.1,9,,Light,Can,0.9,3.30%,No,Viet Nam
10/8/2021,https://www.liquorland.com.au/beer/james-boags-premium-bottle-375ml_544443,544443,9.31869E+12,James Boags,Premium Bottle 375mL,55,Pack (24),,,58,TRUE,4.3,6,Lager,Lager,Bottle,1.4,4.60%,No,Australia
10/8/2021,https://www.liquorland.com.au/beer/james-squire-shackles-bottle-345ml_3812239,3812239,9.32553E+12,James Squire,Shackles Bottle 345mL,52,Pack (24),,,,TRUE,3.7,3,,Lager,Bottle,1.3,4.60%,No,Australia
10/8/2021,https://www.liquorland.com.au/beer/summer-bright-lager-bottle-330ml_7299151,7299151,9.31088E+12,Summer Bright,Lager Bottle 330mL,47,Pack (24),,,58,TRUE,4.8,6,Lager,Lager,Bottle,1.1,4.20%,No,Australia
10/8/2021,https://www.liquorland.com.au/beer/somersby-pear-cider-can-375ml-10-pack-_1263016,1263016,9.32998E+12,Somersby,Pear Cider Can 375ml (10 pack),23,Pack (10),,,27,TRUE,,0,Pear Cider,,Can,1.4,4.50%,No,Australia
10/8/2021,https://www.liquorland.com.au/beer/iron-jack-block-can-375ml_3066038,3066038,9.31088E+12,Iron Jack,Block Can 375mL,51,Pack (30),,,,TRUE,3.5,2,CRISP AUSTRALIAN LAGER,,Can,1.1,3.50%,No,Australia
10/8/2021,https://www.liquorland.com.au/beer/carlton-draught-bottle-375ml_15950,15950,9.32E+12,Carlton,Draught Bottle 375mL,59,Pack (24),,,,TRUE,,0,Draught,Draught,Bottle,1.4,4.60%,No,Australia
10/8/2021,https://www.liquorland.com.au/beer/balter-xpa-can-375ml_2918405,2918405,9.35071E+12,Balter,XPA Can 375mL,63,Pack (16),,,69,TRUE,4.3,4,XPA,XPA,Can,1.5,5.00%,No,Australia
10/8/2021,https://www.liquorland.com.au/beer/wild-yak-pacific-ale-bottle-345ml_2821697,2821697,9.32E+12,Wild Yak,Pacific Ale Bottle 345mL,50,Pack (24),,,69,TRUE,4,4,Pacific Ale,Pacific Ale,Bottle,1.2,4.20%,No,Australia
10/8/2021,https://www.liquorland.com.au/beer/iron-jack-red-block-can-375ml_3309708,3309708,9.31088E+12,Iron Jack,Red Block Can 375mL,53,Pack (30),,,,TRUE,5,2,,,Can,1.3,4.20%,No,Australia
10/8/2021,https://www.liquorland.com.au/beer/mr-finch-apple-cider-can-375ml_3026033,3026033,9.31394E+12,Mr Finch,Apple Cider Can 375mL,23,Pack (10),,,25,TRUE,4.1,8,Apple Cider,,Can,1.4,4.50%,No,Australia
10/8/2021,https://www.liquorland.com.au/beer/pure-blonde-crisp-apple-cider-bottle-355ml_2818353,2818353,9.32E+12,Pure Blonde,Crisp Apple Cider Bottle 355mL,50,Pack (24),,,59,TRUE,5,1,Apple Cider,,Bottle,1.2,4.20%,No,Australia
10/8/2021,https://www.liquorland.com.au/beer/kirin-megumi-bottle-330ml_539920,539920,9.31151E+12,Kirin,Megumi Bottle 330mL,51,Pack (24),,,58,TRUE,4.9,7,Lager,Lager,Bottle,1.4,5.00%,No,Australia
10/8/2021,https://www.liquorland.com.au/beer/asahi-super-dry-black-bottle-334ml_3260562,3260562,9.32998E+12,Asahi,Super Dry Black Bottle 334mL,50,Pack (18),,,,TRUE,5,1,Dark Larger,Dark Larger,Bottle,1.5,5.50%,No,Japan
10/8/2021,https://www.liquorland.com.au/beer/young-henrys-newtowner-can-375ml_2838102,2838102,9.34624E+12,Young Henrys,Newtowner Can 375mL,65,Pack (24),,,,TRUE,4.5,13,Pale Ale,Pale Ale,Can,1.5,4.80%,No,Australia
10/8/2021,https://www.liquorland.com.au/beer/goat-lager-can-375ml_3426111,3426111,9.32998E+12,Goat Lager,Can 375mL,51,Pack (24),,,58,TRUE,4.3,6,Lager,Lager,Can,1.3,4.20%,No,Australia
10/8/2021,https://www.liquorland.com.au/beer/royal-dutch-posthorn-ext-smooth-can-500ml_8998994,8998994,8.7181E+12,Royal Dutch,Posthorn Ext Smooth Can 500mL,49,Pack (24),,,,TRUE,4.3,31,,Lager,Can,1.7,4.30%,No,Germany
10/8/2021,https://www.liquorland.com.au/beer/sapporo-bottles-355ml_8776176,8776176,9.31044E+12,Sapporo,Bottles 355mL,50,Pack (24),,,51,TRUE,4,2,,Lager,Bottle,1.5,5.00%,No,Australia
10/8/2021,https://www.liquorland.com.au/beer/budweiser-bottle-330ml_83560,83560,9.32E+12,Budweiser,Bottle 330mL,52,Pack (24),,,58,TRUE,4.3,10,Lager,Lager,Bottle,1.2,4.50%,No,Australia
10/8/2021,https://www.liquorland.com.au/beer/lorry-boys-pacific-ale-can-375ml_3891825,3891825,9.31394E+12,Lorry Boys,Pacific Ale Can 375mL,43,Pack (24),,,,TRUE,4.1,7,,Pacific Ale,Can,1.3,4.20%,No,Australia
10/8/2021,https://www.liquorland.com.au/beer/smithy-s-easy-drinking-beer-can-375ml_3702820,3702820,9.31394E+12,Smithy's,Easy Drinking Beer Can 375mL,35,Pack (24),,,,TRUE,4.7,6,,,Can,1.3,4.20%,No,Australia
10/8/2021,https://www.liquorland.com.au/beer/smithy-s-dry-lager-bottle-330ml_4310917,4310917,9.31394E+12,Smithy's,Dry Lager Bottle 330mL,39,Pack (24),,,45,TRUE,5,4,Lager,Dry,Bottle,1.2,4.30%,No,Australia
10/8/2021,https://www.liquorland.com.au/beer/kirin-ichiban-bottle-330ml_4443841,4443841,9.31189E+12,Kirin,Ichiban Bottle 330mL,52,Pack (24),,,,TRUE,3.5,6,,Lager,Bottle,1.4,5.00%,No,Australia
10/8/2021,https://www.liquorland.com.au/beer/james-squire-ginger-beer-can-330ml_3812261,3812261,9.32553E+12,James Squire,Ginger Beer Can 330mL,80,Pack (24),,,,TRUE,3.7,3,,,Can,1.1,4.00%,No,Australia
10/8/2021,https://www.liquorland.com.au/beer/coopers-sparkling-ale-bottle-375ml_35590,35590,9.31044E+12,Coopers,Sparkling Ale Bottle 375mL,70,Pack (24),,,,TRUE,5,4,Ale,Ale,Bottle,1.8,5.80%,No,Australia
10/8/2021,https://www.liquorland.com.au/beer/orchard-thieves-crisp-apple-cider-can-330ml_3341471,3341471,9.41434E+12,Orchard Thieves,Crisp Apple Cider Can 330mL,20,Pack (10),,,25,TRUE,,0,,,Can,1.2,4.50%,No,New Zealand
10/8/2021,https://www.liquorland.com.au/beer/great-northern-original-lager-block-375ml_2795360,2795360,9.32E+12,Great Northern,Original Lager Block 375mL,62,Pack (30),,,,TRUE,5,1,,,Can,1.3,4.20%,No,Australia
10/8/2021,https://www.liquorland.com.au/beer/strongbow-lower-carb-cider-bottle-355ml_7391777,7391777,9.32E+12,Strongbow,Lower Carb Cider Bottle 355mL,49,Pack (24),,,55,TRUE,5,3,Apple Cider,,Bottle,1.5,5.00%,No,Australia
10/8/2021,https://www.liquorland.com.au/beer/carlsberg-green-bottle-330ml_54485,54485,9.31044E+12,Carlsberg,Green Bottle 330mL,51,Pack (24),,,48,TRUE,5,3,Lager,Lager,Bottle,1.3,4.80%,No,Australia
10/8/2021,https://www.liquorland.com.au/beer/somersby-pear-cider-bottle-330ml_1253158,1253158,9.32998E+12,Somersby,Pear Cider Bottle 330mL,60,Pack (24),,,55,TRUE,5,2,Pear Cider,,Bottle,1.2,4.50%,No,Australia
10/8/2021,https://www.liquorland.com.au/beer/lorry-boys-pale-ale-can-375ml_3891756,3891756,9.31394E+12,Lorry Boys,Pale Ale Can 375mL,43,Pack (24),,,,TRUE,3.3,9,,Pale Ale,Can,1.3,4.20%,No,Australia
10/8/2021,https://www.liquorland.com.au/beer/tooheys-old-dark-ale-bottle-375ml_74773,74773,9.31189E+12,Tooheys,Old Dark Ale Bottle 375mL,57,Pack (24),,,,TRUE,,0,Dark Ale,Dark Ale,Bottle,1.4,4.40%,No,Australia
10/8/2021,https://www.liquorland.com.au/beer/coopers-pale-ale-can-375ml_3330690,3330690,9.31044E+12,Coopers,Pale Ale Can 375mL,61,Pack (24),,,,TRUE,4.8,4,Pale Ale,Pale Ale,Can,1.4,4.50%,No,Australia
10/8/2021,https://www.liquorland.com.au/beer/little-creatures-pale-ale-bottle-330ml_465786,465786,9.32873E+12,Little Creatures,Pale Ale Bottle 330mL,63,Pack (24),,,69,TRUE,4,2,Pale Ale,Pale Ale,Bottle,1.4,5.20%,No,Australia
10/8/2021,https://www.liquorland.com.au/beer/burleigh-bighead-no-carb-beer-bottle-330ml_7185120,7185120,9.33922E+12,Burleigh,Bighead No Carb Beer Bottle 330mL,71,Pack (24),,,58,TRUE,4.5,11,Lager,Lager,Bottle,1.1,4.20%,No,Australia
10/8/2021,https://www.liquorland.com.au/beer/hahn-super-dry-can-375ml_7319485,7319485,9.31342E+12,Hahn,Super Dry Can 375mL,50,Pack (24),,,,TRUE,5,2,Dry,Dry,Can,1.4,4.60%,No,Australia
10/8/2021,https://www.liquorland.com.au/beer/mercury-hard-cider-can-375ml-10-pack-_2840603,2840603,9.32E+12,Mercury,Hard Cider Can 375mL (10 Pack),26,Pack (10),,,30,TRUE,4,1,,,Can,2.1,6.90%,No,Australia
10/8/2021,https://www.liquorland.com.au/beer/hahn-premium-light-bottle-375ml_380713,380713,9.31342E+12,Hahn,Premium Light Bottle 375mL,45,Pack (24),,,,TRUE,4.5,2,Light,Light,Bottle,0.8,2.40%,No,Australia
10/8/2021,https://www.liquorland.com.au/beer/mr-finch-pear-cider-can-375ml_3026168,3026168,9.31394E+12,Mr Finch,Pear Cider Can 375mL,23,Pack (10),,,25,TRUE,4.4,7,Pear Cider,,Can,1.4,4.50%,No,Australia
10/8/2021,https://www.liquorland.com.au/beer/coors-can-12-pack-355ml_2673115,2673115,71990386047,Coors,Can (12 pack) 355mL,28,Pack (12),,,30,TRUE,4.8,5,,,Can,1.2,4.20%,No,United States
10/8/2021,https://www.liquorland.com.au/beer/iron-jack-bottle-330ml_3068190,3068190,9.31088E+12,Iron Jack,Bottle 330mL,45,Pack (24),,,,TRUE,3.3,4,,,Bottle,1,3.50%,No,Australia
10/8/2021,https://www.liquorland.com.au/beer/mr-finch-apple-cider-bottle-330ml_3025970,3025970,9.31394E+12,Mr Finch,Apple Cider Bottle 330mL,40,Pack (24),,,46,TRUE,4.5,26,,,Bottle,1.2,4.50%,No,Australia
10/8/2021,https://www.liquorland.com.au/beer/somersby-lower-carb-apple-cider-can-375ml-10-pack-_3345632,3345632,9.32998E+12,Somersby,Lower Carb Apple Cider Can 375mL (10 Pack),23,Pack (10),,,27,TRUE,5,1,,,Can,1.2,4.00%,No,Australia
10/8/2021,https://www.liquorland.com.au/beer/miller-genuine-draft-bottle-330ml_90223,90223,9.34794E+12,Miller,Genuine Draft Bottle 330mL,55,Pack (24),,,,TRUE,2.7,3,Draught,Draught,Bottle,1.3,4.70%,No,Australia
10/8/2021,https://www.liquorland.com.au/beer/rekorderlig-strawberry-lime-cider-bottle-330ml_2112184,2112184,7.3111E+12,Rekorderlig,Strawberry & Lime Cider Bottle 330mL,22,Pack (4),,,25,TRUE,5,1,,,Bottle,1.1,4.00%,No,Sweden
10/8/2021,https://www.liquorland.com.au/beer/carlton-zero-bottle-330ml_3346078,3346078,9.32E+12,Carlton,Zero Bottle 330mL,40,Pack (24),,,,TRUE,3.6,7,,Non Alcoholic,Bottle,0.1,0.01%,No,Australia
10/8/2021,https://www.liquorland.com.au/beer/dos-equis-xx-special-lager-bottle-355ml_4847341,4847341,72311330121,Dos Equis,Xx Special Lager Bottle 355mL,50,Pack (24),,,58,TRUE,,0,Lager,Lager,Bottle,1.3,4.50%,No,Mexico
10/8/2021,https://www.liquorland.com.au/beer/strongbow-classic-apple-cider-bottle-355ml_89487,89487,9.32E+12,Strongbow,Classic Apple Cider Bottle 355mL,49,Pack (24),,,55,TRUE,5,1,Apple Cider,,Bottle,1.5,5.00%,No,Australia
10/8/2021,https://www.liquorland.com.au/beer/maxx-dry-bottle-330ml_2903168,2903168,9.31394E+12,Maxx Dry,Bottle 330mL,39,Pack (24),,,45,TRUE,4.2,15,,,Bottle,1.2,4.50%,No,Australia
10/8/2021,https://www.liquorland.com.au/beer/hammer-n-tongs-bitter-block-can-330ml_2554003,2554003,9.31394E+12,Hammer N Tongs,Bitter Block Can 330mL,45,Pack (30),,,,TRUE,5,4,,,Can,1.3,4.90%,No,Viet Nam
10/8/2021,https://www.liquorland.com.au/beer/tinnies-pacific-ale-can-375ml_4225942,4225942,9.31394E+12,Tinnies,Pacific Ale Can 375mL,53,Pack (24),,,56,TRUE,4.5,2,,Pacific Ale,Can,1.3,4.30%,No,Australia
10/8/2021,https://www.liquorland.com.au/beer/praga-pils-bottle-330ml_2662593,2662593,8.59419E+12,Praga,Pils Bottle 330mL,42,Pack (24),,,,TRUE,4.2,11,Lager,,Bottle,1.3,4.70%,No,Czech Republic
10/8/2021,https://www.liquorland.com.au/beer/furphy-refreshing-ale-can-375ml_2976037,2976037,9.32873E+12,Furphy,Refreshing Ale Can 375mL,51,Pack (24),,,,TRUE,4,1,,,Can,1.4,4.40%,No,Australia
10/8/2021,https://www.liquorland.com.au/beer/tooheys-extra-dry-block-can-375ml_6702420,6702420,9.31189E+12,Tooheys,Extra Dry Block Can 375mL,60,Pack (30),,,,TRUE,5,2,,Dry,Can,1.4,4.40%,No,Australia
10/8/2021,https://www.liquorland.com.au/beer/young-henrys-cloudy-cider-can-375ml_2685045,2685045,9.34624E+12,Young Henrys,Cloudy Cider Can 375mL,22,Pack (6),,,27,TRUE,,0,Apple Cider (WET),,Can,1.4,4.60%,No,Australia
10/8/2021,https://www.liquorland.com.au/beer/pure-blonde-cider-can-375ml-10-pack-_3075458,3075458,9.32E+12,Pure Blonde,Cider Can 375mL (10 Pack),30,Pack (10),,,27,TRUE,,0,Apple Cider (WET),,Can,1.3,4.20%,No,Australia
10/8/2021,https://www.liquorland.com.au/beer/peroni-leggera-bottle-330ml_6879087,6879087,8.00844E+12,Peroni,Leggera Bottle 330mL,50,Pack (24),,,48,TRUE,5,2,Blonde,Blonde,Bottle,1,3.50%,No,Italy
10/8/2021,https://www.liquorland.com.au/beer/strongbow-original-can-375ml-10-pack-_2401476,2401476,9.32E+12,Strongbow,Original Can 375mL (10 pack),25,Pack (10),,,25,TRUE,,0,,,Can,1.5,5.00%,No,Australia
10/8/2021,https://www.liquorland.com.au/beer/corona-extra-12pk-bottle-355ml_4195568,4195568,7.50106E+12,Corona,Extra 12Pk Bottle 355mL,33,Pack (12),,,,TRUE,,0,Beer,,Bottle,1.3,4.50%,No,Mexico
10/8/2021,https://www.liquorland.com.au/beer/mountain-goat-hazy-pale-ale-can-375ml_3827076,3827076,9.32883E+12,Mountain Goat,Hazy Pale Ale Can 375mL,61,Pack (24),,,70,TRUE,,0,,Pale Ale,Can,1.4,4.60%,No,Australia
10/8/2021,https://www.liquorland.com.au/beer/4-pines-brewing-pacific-ale-bottle-330ml_3479333,3479333,9.34484E+12,4 Pines Brewing,Pacific Ale Bottle 330mL,62,Pack (24),,,69,TRUE,,0,Pacific Ale,Pacific Ale,Bottle,1,3.50%,No,Australia
10/8/2021,https://www.liquorland.com.au/beer/rekorderlig-strawberry-lime-low-sugar-bottle-330ml_3137056,3137056,7.3111E+12,Rekorderlig,Strawberry & Lime Low Sugar Bottle 330mL,22,Pack (4),,,25,TRUE,,0,,,Bottle,1.1,4.00%,No,Sweden
10/8/2021,https://www.liquorland.com.au/beer/coopers-extra-stout-6pack-bottle-375ml_49559,49559,9.31044E+12,Coopers,Extra Stout 6pack Bottle 375mL,71,Pack (24),,,,TRUE,5,3,Stout,Stout,Bottle,1.9,6.30%,No,Australia
10/8/2021,https://www.liquorland.com.au/beer/smithy-s-premium-lager-bottle-330ml_4310870,4310870,9.31394E+12,Smithy's,Premium Lager Bottle 330mL,46,Pack (24),,,48,TRUE,4.3,3,Lager,Lager,Bottle,1.2,4.50%,No,Australia
10/8/2021,https://www.liquorland.com.au/beer/carlton-draught-can-375ml_82891,82891,9.32E+12,Carlton,Draught Can 375mL,59,Pack (24),,,,TRUE,5,1,Draught,Draught,Can,1.4,4.60%,No,Australia
10/8/2021,https://www.liquorland.com.au/beer/tinnies-ipa-can-375ml_4225975,4225975,9.31394E+12,Tinnies,IPA Can 375mL,53,Pack (16),,,56,TRUE,3.7,3,IPA,IPA,Can,2.1,7.00%,No,Australia
10/8/2021,https://www.liquorland.com.au/beer/coopers-mild-ale-bottle-375ml_4298888,4298888,9.31044E+12,Coopers,Mild Ale Bottle 375mL,50,Pack (24),,,,TRUE,5,1,Ale,Mid Strength,Bottle,1.1,3.50%,No,Australia
10/8/2021,https://www.liquorland.com.au/beer/summer-bright-lime-bottle-330ml_2124456,2124456,9.31088E+12,Summer Bright,Lime Bottle 330mL,47,Pack (24),,,,TRUE,,0,,,Bottle,1.1,4.00%,No,Australia
10/8/2021,https://www.liquorland.com.au/beer/fat-pixie-hard-ginger-beer-can-375ml_3218748,3218748,9.32396E+12,Fat Pixie,Hard Ginger Beer Can 375mL,57,Pack (24),,,,TRUE,3.8,15,,,Can,2.4,8.00%,No,Australia
10/8/2021,https://www.liquorland.com.au/beer/tsingtao-bottle-330ml_382823,382823,6.90104E+12,Tsingtao,Bottle 330mL,50,Pack (24),,,58,TRUE,4.7,3,Lager,Lager,Bottle,1.2,4.50%,No,China
10/8/2021,https://www.liquorland.com.au/beer/hoegaarden-white-bottle-330ml_523912,523912,5.41023E+12,Hoegaarden,White Bottle 330mL,67,Pack (24),,,,TRUE,,0,Witbier,Witbier,Bottle,1.4,5.00%,No,Belgium
10/8/2021,https://www.liquorland.com.au/beer/wilde-gluten-free-mid-strength-pale-bottle-330ml_3810787,3810787,9.34786E+12,Wilde,Gluten Free Mid Strength Pale Bottle 330mL,50,Pack (24),,,,TRUE,4.6,8,Mid Strength,Mid Strength,Bottle,1,3.50%,No,Australia
10/8/2021,https://www.liquorland.com.au/beer/mr-finch-pear-cider-bottle-330ml_3026000,3026000,9.31394E+12,Mr Finch,Pear Cider Bottle 330mL,40,Pack (24),,,46,TRUE,4.6,14,Pear Cider,,Bottle,1.2,4.50%,No,Australia
10/8/2021,https://www.liquorland.com.au/beer/coopers-xpa-can-375ml_3640508,3640508,9.31044E+12,Coopers,XPA Can 375mL,64,Pack (24),,,69,TRUE,5,4,Extra Pale Ale,XPA,Can,1.6,5.20%,No,Australia
10/8/2021,https://www.liquorland.com.au/beer/mercury-hard-cider-can-375ml_2538299,2538299,9.32E+12,Mercury,Hard Cider Can 375mL,59,Pack (24),,,,TRUE,5,3,Apple Cider (WET),,Can,2.1,6.90%,No,Australia
10/8/2021,https://www.liquorland.com.au/beer/henninger-lager-bottle-660ml_7530818,7530818,4.0534E+12,Henninger,Lager Bottle 660mL,39,Pack (12),,,,TRUE,,0,Lager,Lager,Bottle,2.5,4.80%,No,Germany
10/8/2021,https://www.liquorland.com.au/beer/fat-pixie-hard-ginger-beer-can-10pk-375ml_3537724,3537724,9.32396E+12,Fat Pixie,Hard Ginger Beer Can 10Pk 375mL,28,Pack (10),,,,TRUE,2.7,10,,,Can,2.4,8.00%,No,Australia
10/8/2021,https://www.liquorland.com.au/beer/asahi-soukai-bottle-330ml_2597549,2597549,9.32998E+12,Asahi,Soukai Bottle 330mL,47,Pack (24),,,48,TRUE,5,1,,Mid Strength,Bottle,1,3.50%,No,Australia
10/8/2021,https://www.liquorland.com.au/beer/mercury-hard-cider-crushed-raspberry-can-375ml_3716439,3716439,9.32E+12,Mercury,Hard Cider Crushed Raspberry Can 375mL,66,Pack (24),,,,TRUE,4.8,4,Flavoured Cider,,Can,2.5,8.20%,No,Australia
10/8/2021,https://www.liquorland.com.au/beer/desperado-tequilla-beer-can-500ml_4228816,4228816,5.90156E+12,Desperado,Tequilla Beer Can 500mL,93,Pack (24),,,,TRUE,5,1,,,Can,2.4,6.00%,No,United Kingdom
10/8/2021,https://www.liquorland.com.au/beer/tiger-lager-bottle-330ml_549011,549011,86428210399,Tiger,Lager Bottle 330mL,50,Pack (24),,,58,TRUE,5,2,Lager,Lager,Bottle,1.4,5.00%,No,Singapore
10/8/2021,https://www.liquorland.com.au/beer/kosciuszko-pale-ale-bottle-330ml_2736496,2736496,9.32553E+12,Kosciuszko,Pale Ale Bottle 330mL,64,Pack (24),,,69,TRUE,,0,Pale Ale,Pale Ale,Bottle,1.2,4.50%,No,Australia
10/8/2021,https://www.liquorland.com.au/beer/wilde-gluten-free-crisp-lager-bottle-330ml_4320149,4320149,9.34786E+12,Wilde,Gluten Free Crisp Lager Bottle 330mL,54,Pack (24),,,,TRUE,4,3,Lager,,Bottle,1.1,4.20%,No,Australia
10/8/2021,https://www.liquorland.com.au/beer/smithy-s-bitter-can-375ml_4308100,4308100,9.31394E+12,Smithy's,Bitter Can 375mL,47,Pack (24),,,,TRUE,4.7,3,Bitter,bitter,Can,1.4,4.50%,No,Australia
10/8/2021,https://www.liquorland.com.au/beer/pacific-beverages-radler-bottle-330ml_2619481,2619481,9.32E+12,Pacific,Beverages Radler Bottle 330mL,37,Pack (24),,,,TRUE,4.6,5,Radler,,Bottle,0.6,2.00%,No,Australia
10/8/2021,https://www.liquorland.com.au/beer/cricketers-arms-session-ale-can-375ml_3000925,3000925,9.32998E+12,Cricketers Arms,Session Ale Can 375mL,45,Pack (24),,,,TRUE,,0,Ale,Ale,Can,1.1,3.50%,No,Australia
10/8/2021,https://www.liquorland.com.au/beer/bentspoke-crankshaft-ipa-can-375ml_3359896,3359896,9.35025E+12,BentSpoke,Bentspoke Crankshaft IPA Can 375mL,93,Pack (24),,,,TRUE,5,1,,IPA,Can,1.8,5.80%,No,Australia
10/8/2021,https://www.liquorland.com.au/beer/somersby-blackberry-bottle-330ml_2589289,2589289,9.32998E+12,Somersby,Blackberry Bottle 330mL,81,Pack (24),,,55,TRUE,,0,Other Cider,,Bottle,1.1,4.00%,No,Australia
10/8/2021,https://www.liquorland.com.au/beer/rekorderlig-wild-berries-cider-bottle-330ml_2113154,2113154,7.3111E+12,Rekorderlig,Wild Berries Cider Bottle 330mL,22,Pack (4),,,25,TRUE,,0,,,Bottle,1.1,4.00%,No,Sweden
10/8/2021,https://www.liquorland.com.au/beer/sapporo-black-can-650ml_4191862,4191862,87975066507,Sapporo,Black Can 650mL,,Pack (24),,,,TRUE,5,1,,Dark Larger,Can,2.6,5.00%,No,Viet Nam
10/8/2021,https://www.liquorland.com.au/beer/fat-pixie-hard-apple-cider-can-375ml_3351114,3351114,9.32396E+12,Fat Pixie,Hard Apple Cider Can 375mL,58,Pack (24),,,46,TRUE,5,1,Apple Cider,,Can,2.4,8.00%,No,Australia
10/8/2021,https://www.liquorland.com.au/beer/fat-pixie-lower-sugar-strawberry-lime-cider-can-375ml_3640235,3640235,9.32396E+12,Fat Pixie,Lower Sugar Strawberry & Lime Cider Can 375mL,58,Pack (24),,,46,TRUE,,0,Flavoured Cider,,Can,2.4,8.00%,No,Australia
10/8/2021,https://www.liquorland.com.au/beer/matso-s-ginger-beer-bottle-330ml_7715530,7715530,9.33885E+12,Matso's,Ginger Beer Bottle 330mL,30,Pack (6),,,,TRUE,5,3,Ginger Beer,Ginger Beer,Bottle,1,3.50%,No,Australia
10/8/2021,https://www.liquorland.com.au/beer/smithy-s-mid-strength-bottle-330ml_4310961,4310961,9.31394E+12,Smithy's,Mid Strength Bottle 330mL,42,Pack (24),,,,TRUE,4.4,5,Mid Strength,Mid Strength,Bottle,1,3.50%,No,Australia
10/8/2021,https://www.liquorland.com.au/beer/sapporo-can-650ml_382755,382755,8.93606E+12,Sapporo,Can 650mL,,Pack (24),,,,TRUE,3,2,Draught,Draught,Can,2.7,5.20%,No,Viet Nam
10/8/2021,https://www.liquorland.com.au/beer/heineken-can-500ml_8837361,8837361,9.32772E+12,Heineken,Can 500mL,67,Pack (24),,,58,TRUE,,0,Lager,Lager,Can,2,5.00%,No,Australia
10/8/2021,https://www.liquorland.com.au/beer/guinness-draught-can-440ml_95471,95471,5.00021E+12,Guinness,Draught Can 440mL,78,Pack (24),,,,TRUE,5,5,Stout,Stout,Can,1.5,4.20%,No,Ireland
10/8/2021,https://www.liquorland.com.au/beer/steamrail-summer-ale-tight-red-togs-bottle-330ml_2217240,2217240,9.31394E+12,Steamrail,Summer Ale Tight Red Togs Bottle 330mL,44,Pack (24),,,,TRUE,3.7,16,Summer Ale,Summer Ale,Bottle,1.2,4.50%,No,Australia
10/8/2021,https://www.liquorland.com.au/beer/blue-moon-bottle-330ml_2465130,2465130,9.30062E+12,Blue Moon,Bottle 330mL,66,Pack (24),,,,TRUE,4.8,5,Wheat Beer,Wheat Beer,Bottle,1.5,5.40%,No,Australia
10/8/2021,https://www.liquorland.com.au/beer/orchard-thieves-crisp-apple-cider-bottle-330ml_2894089,2894089,9.41434E+12,Orchard Thieves,Crisp Apple Cider Bottle 330mL,58,Pack (24),,,55,TRUE,4.5,2,Apple Cider,,Bottle,1.2,4.50%,No,New Zealand
10/8/2021,https://www.liquorland.com.au/beer/the-hills-tropical-sour-cider-can-375ml_3837502,3837502,9.3438E+12,The Hills,Tropical Sour Cider Can 375mL,22,Pack (4),,,27,TRUE,,0,,,Can,2.4,8.00%,No,Australia
10/8/2021,https://www.liquorland.com.au/beer/smithy-s-draught-can-375ml_4308132,4308132,9.31394E+12,Smithy's,Draught Can 375mL,47,Pack (24),,,,TRUE,4,2,Draught,Draught,Can,1.4,4.40%,No,Australia
10/8/2021,https://www.liquorland.com.au/beer/cascade-premium-light-bottle-375ml_416504,416504,9.32E+12,Cascade,Premium Light Bottle 375mL,52,Pack (24),,,,TRUE,5,1,Light,Light,Bottle,0.8,2.40%,No,Australia
10/8/2021,https://www.liquorland.com.au/beer/tecate-lager-can-355ml_3824045,3824045,,Tecate,Lager Can 355mL,46,Pack (24),,,49,TRUE,4.3,4,Lager,Lager,Can,1.3,4.50%,No,Mexico
10/8/2021,https://www.liquorland.com.au/beer/xxxx-dry-bottle-330ml_3811928,3811928,9.31088E+12,XXXX,Dry Bottle 330mL,44,Pack (24),,,45,TRUE,3.7,3,Dry,Dry,Bottle,1.1,4.20%,No,Australia
10/8/2021,https://www.liquorland.com.au/beer/modelo-especial-bottle-355ml_4227813,4227813,,Modelo,Especial Bottle 355mL,42,Pack (12),,,58,TRUE,5,4,Lager,Lager,Bottle,1.3,4.50%,No,Mexico
10/8/2021,https://www.liquorland.com.au/beer/coopers-dark-ale-bottle-375ml_314268,314268,9.31044E+12,Coopers,Dark Ale Bottle 375mL,61,Pack (24),,,,TRUE,5,4,Dark Ale,Dark Ale,Bottle,1.4,4.50%,No,Australia
10/8/2021,https://www.liquorland.com.au/beer/goat-lager-bottle-375ml_3808210,3808210,9.32883E+12,Goat Lager,Bottle 375mL,51,Pack (24),,,58,TRUE,,0,Lager,Lager,Bottle,1.3,4.20%,No,Australia
10/8/2021,https://www.liquorland.com.au/beer/balter-hazy-ipa-can-375ml_3857816,3857816,9.35071E+12,Balter,Hazy IPA Can 375mL,74,Pack (16),,,69,TRUE,5,1,,IPA,Can,1.8,6.00%,No,Australia
10/8/2021,https://www.liquorland.com.au/beer/heineken-0-0-bottle-330ml_3637591,3637591,9.32772E+12,Heineken,0.0 Bottle 330mL,42,Pack (24),,,,TRUE,5,4,Non Alcoholic,Non Alcoholic,Bottle,0.1,0.01%,No,Australia
10/8/2021,https://www.liquorland.com.au/beer/feral-biggie-juice-can-375ml_3542837,3542837,9.33671E+12,Feral,Biggie Juice Can 375mL,64,Pack (16),,,69,TRUE,,0,,IPA,Can,1.8,6.00%,No,Australia
10/8/2021,https://www.liquorland.com.au/beer/fat-pixie-lower-sugar-watermelon-cider-can-375ml_3640268,3640268,9.32396E+12,Fat Pixie,Lower Sugar Watermelon Cider Can 375mL,58,Pack (24),,,46,TRUE,5,1,Flavoured Cider,,Can,2.4,8.00%,No,Australia
10/8/2021,https://www.liquorland.com.au/beer/the-hills-cloudy-apple-cider-can-375ml_3837466,3837466,9.3438E+12,The Hills,Cloudy Apple Cider Can 375mL,22,Pack (4),,,27,TRUE,,0,,,Can,1.5,5.00%,No,Australia
10/8/2021,https://www.liquorland.com.au/beer/mercury-crushed-passionfruit-cider-cans-375ml_3872401,3872401,9.32E+12,Mercury,Crushed Passionfruit Cider Cans 375mL,66,Pack (24),,,,TRUE,,None,,,Can,2.5,8.20%,No,Australia
10/8/2021,https://www.liquorland.com.au/beer/balter-eazy-hazy-can-375ml_4311432,4311432,9.35071E+12,Balter,Eazy Hazy Can 375mL,50,Pack (16),,,,TRUE,,0,,Pale Ale,Can,1.2,4.00%,No,Australia
10/8/2021,https://www.liquorland.com.au/beer/becks-bottle-4-330ml_3663300,3663300,9.32E+12,Becks,Bottle 4% 330mL,40,Pack (24),,,30,TRUE,3.3,3,Pilsner,Pilsner,Bottle,1.1,4.00%,No,Australia
10/8/2021,https://www.liquorland.com.au/beer/hofbrau-weiss-bier-bottle-500ml_4230228,4230228,4.00569E+12,Hofbrau,Weiss Bier Bottle 500mL,83,Pack (20),,,,TRUE,,0,,,Bottle,2.1,5.10%,No,Germany
10/8/2021,https://www.liquorland.com.au/beer/james-squire-zero-bottle-345ml_4453539,4453539,9.32553E+12,James Squire,Zero Bottle 345mL,45,Pack (24),,,,TRUE,4,3,,,Bottle,0.1,0.01%,No,Australia
10/8/2021,https://www.liquorland.com.au/beer/young-henrys-natural-lager-can-375ml_2658086,2658086,9.34624E+12,Young Henrys,Natural Lager Can 375mL,65,Pack (24),,,67,TRUE,4.6,7,Lager,Lager,Can,1.3,4.20%,No,Australia
10/8/2021,https://www.liquorland.com.au/beer/heaps-normal-quiet-xpa-non-alc-can-355ml_4466155,4466155,9.35647E+12,Heaps Normal,Quiet XPA Non-Alc Can 355mL,67,Pack (24),,,,TRUE,,0,,Non Alcoholic,Can,0.2,0.50%,No,Australia
10/8/2021,https://www.liquorland.com.au/beer/coopers-sparkling-ale-can-375ml_3640530,3640530,9.31044E+12,Coopers,Sparkling Ale Can 375mL,70,Pack (24),,,,TRUE,,0,Ale,Ale,Can,1.8,5.80%,No,Australia
10/8/2021,https://www.liquorland.com.au/beer/gage-roads-single-fin-summer-ale-bottle-330ml_3155896,3155896,9.33494E+12,Gage Roads,Single Fin Summer Ale Bottle 330mL,68,Pack (24),,,,TRUE,5,4,Summer Ale,Summer Ale,Bottle,1.2,4.50%,No,Australia
10/8/2021,https://www.liquorland.com.au/beer/brick-lane-one-love-pale-ale-can-355ml_3403819,3403819,9.35397E+12,Brick Lane,One Love Pale Ale Can 355mL,65,Pack (24),,,,TRUE,4,4,,Pale Ale,Can,1.3,4.40%,No,Australia
10/8/2021,https://www.liquorland.com.au/beer/colonial-pale-ale-can-375ml_3387450,3387450,9.35193E+12,Colonial,Pale Ale Can 375mL,79,Pack (24),,,,TRUE,,0,Pale Ale,Pale Ale,Can,1.4,4.40%,No,Australia
10/8/2021,https://www.liquorland.com.au/beer/paulaner-weissbier-can-500ml_4227664,4227664,4.0666E+12,Paulaner,Weissbier Can 500mL,93,Pack (24),,,,TRUE,,0,,Wheat Beer,Can,2.2,5.50%,No,Germany
10/8/2021,https://www.liquorland.com.au/beer/beer-lager-can-500ml-naked-label-_4163222,4163222,9.3485E+12,Beer,Lager Can 500mL (Naked Label),25,Pack (12),,,30,TRUE,5,4,,,Can,1.6,4.00%,No,Spain
10/8/2021,https://www.liquorland.com.au/beer/bentspoke-barley-griffin-pale-ale-can-375ml_3359943,3359943,9.35025E+12,BentSpoke,Bentspoke Barley Griffin Pale Ale Can 375mL,82,Pack (24),,,,TRUE,5,1,,Pale Ale,Can,1.3,4.20%,No,Australia
10/8/2021,https://www.liquorland.com.au/beer/corona-refresca-can-355ml_4230160,4230160,,Corona Refresca,Can 355mL,52,Pack (12),,,,TRUE,,0,,,Can,1.3,4.50%,No,Mexico
10/8/2021,https://www.liquorland.com.au/beer/oj-belgium-pilsner-can-500ml_4230090,4230090,,OJ,Belgium Pilsner Can 500mL,56,Pack (24),,,,TRUE,4,2,,Pilsener,Can,2,5.00%,No,Belgium
10/8/2021,https://www.liquorland.com.au/beer/kingfisher-bottle-330ml_549059,549059,9.41434E+12,Kingfisher,Bottle 330mL,58,Pack (24),,,58,TRUE,3,3,Lager,Lager,Bottle,1.4,5.00%,No,India
10/8/2021,https://www.liquorland.com.au/beer/young-henry-s-newtowner-pale-ale-bottle-330ml_3872660,3872660,9.34624E+12,Young Henry's,Newtowner Pale Ale Bottle 330ml,68,Pack (24),,,,TRUE,,0,Pale Ale,,Bottle,1.3,4.80%,No,Australia
10/8/2021,https://www.liquorland.com.au/beer/holsten-0-0-non-alcohol-beer-330ml_1911659,1911659,4.0678E+12,Holsten,0.0% Non Alcohol Beer 330mL,37,Pack (24),,,,TRUE,,0,,Non Alcoholic,Bottle,0.1,0.01%,No,France
10/8/2021,https://www.liquorland.com.au/beer/pilsner-urquell-can-500ml_4230035,4230035,,Pilsner Urquell,Can 500mL,80,Pack (24),,,,TRUE,,0,,Pilsener,Can,1.8,4.40%,No,Czech Republic
10/8/2021,https://www.liquorland.com.au/beer/coopers-mild-ale-cans-375ml_4342200,4342200,9.31044E+12,Coopers,Mild Ale Cans 375mL,50,Pack (24),,,,TRUE,,0,Ale,Mid Strength,Can,1.1,3.50%,No,Australia
10/8/2021,https://www.liquorland.com.au/beer/rekorderlig-strawberry-lime-cider-bottle-500ml_7927119,7927119,7.3111E+12,Rekorderlig,Strawberry & Lime Cider Bottle 500mL,91,Pack (15),,,59,TRUE,,0,Flavoured Cider,,Bottle,1.6,4.00%,No,Sweden
10/8/2021,https://www.liquorland.com.au/beer/paulaner-munchner-hell-can-500ml_4227744,4227744,4.0666E+12,Paulaner,Munchner Hell Can 500mL,93,Pack (24),,,,TRUE,,0,,Lager,Can,2,4.90%,No,Germany
10/8/2021,https://www.liquorland.com.au/beer/coopers-original-pale-ale-bottle-750ml_379939,379939,9.31044E+12,Coopers,Original Pale Ale Bottle 750mL,57,Pack (12),,,,TRUE,,0,,Pale Ale,Bottle,2.7,4.50%,No,Australia
10/8/2021,https://www.liquorland.com.au/beer/young-henrys-stayer-mid-can-375ml_3358157,3358157,9.34624E+12,Young Henrys,Stayer Mid Can 375mL,64,Pack (24),,,67,TRUE,,0,Lager,Lager,Can,1.1,3.50%,No,Australia
10/8/2021,https://www.liquorland.com.au/beer/stone-wood-pacific-ale-can-375ml_3651210,3651210,9.3419E+12,Stone & Wood,Pacific Ale Can 375mL,61,Pack (16),,,70,TRUE,,0,,,Can,1.4,4.40%,No,Australia
10/8/2021,https://www.liquorland.com.au/beer/rogers-bottle-330ml_496506,496506,9.32873E+12,Little Creatures,Rogers Bottle 330mL,62,Pack (24),,,,TRUE,4.5,4,Ale,Ale,Bottle,1,3.80%,No,Australia
10/8/2021,https://www.liquorland.com.au/beer/mountain-goat-summer-ale-can-375ml_1621761,1621761,9.32883E+12,Mountain Goat,Summer Ale Can 375mL,61,Pack (24),,,,TRUE,5,1,Summer Ale,Summer Ale,Can,1.4,4.70%,No,Australia
10/8/2021,https://www.liquorland.com.au/beer/modus-xpa-can-375ml_3871136,3871136,9.35048E+12,Modus,XPA Can 375mL,57,Pack (16),,,,TRUE,,0,XPA,XPA,Can,1.3,4.20%,No,Australia
10/8/2021,https://www.liquorland.com.au/beer/strongbow-sweet-apple-cider-bottle-355ml_122504,122504,9.32E+12,Strongbow,Sweet Apple Cider Bottle 355mL,49,Pack (24),,,59,TRUE,5,1,Apple Cider,,Bottle,1.5,5.00%,No,Australia
10/8/2021,https://www.liquorland.com.au/beer/mornington-draught-can-375ml_3643368,3643368,9.34512E+12,Mornington,Draught Can 375mL,49,Pack (24),,,,TRUE,4.4,9,Draught,Draught,Can,1.4,4.60%,No,Australia
10/8/2021,https://www.liquorland.com.au/beer/coopers-pacific-ale-can-375ml_3207774,3207774,9.31044E+12,Coopers,Pacific Ale Can 375mL,67,Pack (24),,,56,TRUE,4.4,5,Session Ale,Session Ale,Can,1.3,4.20%,No,Australia
10/8/2021,https://www.liquorland.com.au/beer/ballistic-hawaiian-haze-pale-ale-can-375ml_3859630,3859630,9.35275E+12,Ballistic,Hawaiian Haze Pale Ale Can 375mL,62,Pack (16),,,,TRUE,4.5,6,Pale Ale,Pale Ale,Can,1.4,4.60%,No,Australia
10/8/2021,https://www.liquorland.com.au/beer/cedar-creek-apple-cider-can-375ml_4357499,4357499,7.50258E+11,Cedar Creek,Apple Cider Can 375mL,20,Pack (4),,,,TRUE,,0,,,Can,1.7,5.50%,No,Australia
10/8/2021,https://www.liquorland.com.au/beer/stockade-refreshing-ale-can-375ml_3596916,3596916,9.34786E+12,Stockade,Refreshing Ale Can 375mL,50,Pack (24),,,,TRUE,4,3,,Ale,Can,1.3,4.20%,No,Australia
10/8/2021,https://www.liquorland.com.au/beer/white-rabbit-dark-ale-bottle-330ml_7298206,7298206,9.32873E+12,White Rabbit,Dark Ale Bottle 330mL,82,Pack (24),,,,TRUE,4,3,Dark Ale,Dark Ale,Bottle,1.3,4.90%,No,Australia
10/8/2021,https://www.liquorland.com.au/beer/brookvale-union-ginger-beer-bottle-500ml_1592991,1592991,9.34484E+12,Brookvale,Union Ginger Beer Bottle 500mL,74,Pack (12),,,,TRUE,5,1,,,Bottle,1.6,4.00%,No,Australia
10/8/2021,https://www.liquorland.com.au/beer/victoria-bitter-bottle-750ml_10481,10481,9.32E+12,Victoria Bitter,Bottle 750mL,56,Pack (12),,,,TRUE,,0,Bitter,bitter,Bottle,2.9,4.90%,No,Australia
10/8/2021,https://www.liquorland.com.au/beer/lindemans-kriek-bottle-250ml_4165603,4165603,,Lindemans,Kriek Bottle 250mL,93,Pack (24),,,,TRUE,5,1,,Flavoured & Sours,Bottle,0.7,3.50%,No,Belgium
10/8/2021,https://www.liquorland.com.au/beer/monteiths-black-beer-bottle-330ml_548861,548861,9.41434E+12,Monteiths,Black Beer Bottle 330mL,69,Pack (24),,,69,TRUE,5,5,Dark Ale,Dark Ale,Bottle,1.4,5.20%,No,New Zealand
10/8/2021,https://www.liquorland.com.au/beer/james-squire-orchard-crush-apple-cider-bottle-345ml_1848552,1848552,9.32553E+12,James Squire,Orchard Crush Apple Cider Bottle 345mL,81,Pack (24),,,55,TRUE,,0,Apple Cider,,Bottle,1.4,4.80%,No,Australia
10/8/2021,https://www.liquorland.com.au/beer/singha-beer-bottle-330ml_49368,49368,8.851E+12,Singha,Beer Bottle 330mL,62,Pack (24),,,58,TRUE,5,4,Lager,Lager,Bottle,1.4,5.00%,No,Thailand
10/8/2021,https://www.liquorland.com.au/beer/coopers-extra-stout-bottle-750ml_35606,35606,9.31044E+12,Coopers,Extra Stout Bottle 750mL,73,Pack (12),,,,TRUE,,0,Stout,Stout,Bottle,3.8,6.30%,No,Australia
10/8/2021,https://www.liquorland.com.au/beer/coopers-sparkling-ale-bottle-750ml_35583,35583,9.31044E+12,Coopers,Sparkling Ale Bottle 750mL,66,Pack (12),,,,TRUE,5,1,Ale,Ale,Bottle,3.5,5.80%,No,Australia
10/8/2021,https://www.liquorland.com.au/beer/balter-ipa-can-375ml_3430899,3430899,9.35071E+12,Balter,IPA Can 375mL,74,Pack (16),,,,TRUE,,0,India Pale Ale,India Pale Ale,Can,2.1,6.80%,No,Australia
10/8/2021,https://www.liquorland.com.au/beer/hofbrau-dunkel-bottle-500ml_4228179,4228179,,Hofbrau,Dunkel Bottle 500mL,86,Pack (20),,,,TRUE,5,1,,Dark Larger,Bottle,2.1,5.10%,No,Germany
10/8/2021,https://www.liquorland.com.au/beer/peroni-red-can-500ml_4227551,4227551,,Peroni,Red Can 500mL,76,Pack (24),,,,TRUE,,0,,Lager,Can,1.9,4.70%,No,Italy
10/8/2021,https://www.liquorland.com.au/beer/mountain-goat-sipa-can-375ml_4454859,4454859,9.32883E+12,Mountain Goat,SIPA Can 375mL,59,Pack (24),,,,TRUE,,0,Session Red IPA,,Can,1.5,5.00%,No,Australia
10/8/2021,https://www.liquorland.com.au/beer/colonial-bertie-cold-pressed-apple-cider-can-375ml_3876796,3876796,9.35193E+12,Colonial,Bertie Cold Pressed Apple Cider Can 375mL,82,Pack (24),,,55,TRUE,,0,,,Can,1.1,3.50%,No,Australia
10/8/2021,https://www.liquorland.com.au/beer/bentspoke-red-nut-ipa-pack-4-can-375ml_3359998,3359998,9.35025E+12,BentSpoke,Bentspoke Red Nut IPA Pack (4) Can 375mL,90,Pack (24),,,,TRUE,,0,,Red IPA,Can,2.1,7.00%,No,Australia
10/8/2021,https://www.liquorland.com.au/beer/oj-belgium-wheat-beer-can-500ml_4228055,4228055,8.71999E+12,OJ,Belgium Wheat Beer Can 500mL,65,Pack (24),,,,TRUE,,0,,Wheat Beer,Can,2,5.00%,No,Belgium
10/8/2021,https://www.liquorland.com.au/beer/lord-nelson-three-sheets-pale-ale-can-375ml_3755317,3755317,9.33833E+12,Lord Nelson,Three Sheets Pale Ale Can 375mL,90,Pack (24),,,,TRUE,,0,,Pale Ale,Can,1.5,4.90%,No,Australia
10/8/2021,https://www.liquorland.com.au/beer/colonial-hazy-pale-ale-can-375ml_4454451,4454451,9.35193E+12,Colonial,Hazy Pale Ale Can 375mL,80,Pack (24),,,,TRUE,,0,Pale Ale,Pale Ale,Can,1.5,4.80%,No,Australia
10/8/2021,https://www.liquorland.com.au/beer/moon-dog-seasonal-can-330ml_3962581,3962581,9.34566E+12,Moon Dog,Seasonal Can 330mL,93,Pack (24),,,,TRUE,5,1,,IPA,Can,1.7,6.50%,No,Australia
10/8/2021,https://www.liquorland.com.au/beer/three-oaks-original-cider-10pk-can-375ml_8934991,8934991,9.33236E+12,Three Oaks,Original Cider 10pk Can 375mL,26,Pack (10),,,27,TRUE,3.5,4,Apple Cider (WET),,Can,1.5,5.00%,No,Australia
10/8/2021,https://www.liquorland.com.au/beer/peroni-nastro-can-500ml_4227642,4227642,8.00844E+12,Peroni,Nastro Can 500mL,80,Pack (24),,,,TRUE,,0,,Lager,Can,2.1,5.10%,No,Italy
10/8/2021,https://www.liquorland.com.au/beer/bentspoke-sprocket-big-and-hoppy-ipa-can-375ml_3475332,3475332,9.35025E+12,BentSpoke,Bentspoke Sprocket Big and Hoppy IPA Can 375mL,,Pack (24),,,,TRUE,,0,India Pale Ale,IPA,Can,2.1,7.00%,No,Australia
10/8/2021,https://www.liquorland.com.au/beer/nomad-rosie-raspberry-sour-can-330ml_3363419,3363419,9.34906E+12,Nomad,Rosie Raspberry Sour Can 330mL,79,Pack (24),,,,TRUE,4,1,,Flavoured & Sour,Can,1,3.80%,No,Australia
10/8/2021,https://www.liquorland.com.au/beer/stella-can-440ml_4227879,4227879,5.41023E+12,Stella,Can 440mL,72,Pack (24),,,,TRUE,,0,,,Can,1.6,4.50%,No,United Kingdom
10/8/2021,https://www.liquorland.com.au/beer/modus-pale-can-375ml_3531820,3531820,9.35048E+12,Modus,Pale Can 375mL,62,Pack (16),,,,TRUE,,0,Pale Ale,Pale Ale,Can,1.6,5.20%,No,Australia
10/8/2021,https://www.liquorland.com.au/beer/akasha-hopsmith-ipa-can-375ml_3343284,3343284,9.35068E+12,Akasha,Hopsmith IPA Can 375mL,,Pack (24),,,,TRUE,,0,IPA,,Can,2.1,6.80%,No,Australia
10/8/2021,https://www.liquorland.com.au/beer/sauce-extra-hop-sauce-ipa-can-375ml_3754223,3754223,9.3512E+12,Sauce,Extra Hop  IPA Can 375mL,,Pack (24),,,,TRUE,,0,India Pale Ale,IPA,Can,1.9,6.20%,No,Australia
10/8/2021,https://www.liquorland.com.au/beer/stockade-flight-path-pale-ale-can-375ml_3596847,3596847,9.34786E+12,Stockade,Flight Path Pale Ale Can 375mL,70,Pack (24),,,,TRUE,,0,Pale Ale,Pale Ale,Can,1.4,4.50%,No,Australia
10/8/2021,https://www.liquorland.com.au/beer/heineken-3-bottle-330ml_2803593,2803593,9.32772E+12,Heineken,3 Bottle 330mL,54,Pack (24),,,48,TRUE,5,1,,Mid Strength,Bottle,0.9,3.30%,No,Australia
10/8/2021,https://www.liquorland.com.au/beer/modus-sonic-prayer-ipa-can-375ml_3531852,3531852,9.35048E+12,Modus,Sonic Prayer IPA Can 375mL,75,Pack (16),,,,TRUE,,0,IPA,IPA,Can,1.8,6.00%,No,Australia
10/8/2021,https://www.liquorland.com.au/beer/sauce-caribbean-fog-hazy-pale-ale-can-375ml_4333650,4333650,9.3512E+12,Sauce,Caribbean Fog Hazy Pale Ale Can 375mL,,Pack (24),,,,TRUE,,0,,,Can,1.4,4.60%,No,Australia
10/8/2021,https://www.liquorland.com.au/beer/orchard-thieves-rose-cider-bottle-330ml_4671121,4671121,9.41434E+12,Orchard Thieves,Rose Cider Bottle 330ml,75,Pack (24),,,55,TRUE,,0,,Fruit,Bottle,1.1,4.00%,No,New Zealand
10/8/2021,https://www.liquorland.com.au/beer/modus-wippa-snippa-session-pale-can-375ml_3531761,3531761,9.35048E+12,Modus,Wippa Snippa Session Pale Can 375mL,55,Pack (16),,,,TRUE,,0,Session Ale,Session Ale,Can,1.2,3.80%,No,Australia
10/8/2021,https://www.liquorland.com.au/beer/monteiths-crushed-apple-cider-can-330ml_4681679,4681679,9.41434E+12,Monteiths,Crushed Apple Cider Can 330ml,75,Pack (24),,,55,TRUE,,0,,Apple,Can,1.2,4.50%,No,New Zealand
10/8/2021,https://www.liquorland.com.au/beer/melbourne-bitter-can-375ml_10030,10030,9.32E+12,Melbourne Bitter,Can 375mL,65,Pack (24),,,,TRUE,5,1,Bitter,bitter,Can,1.4,4.60%,No,Australia
10/8/2021,https://www.liquorland.com.au/beer/little-creatures-hazy-ipa-can-375ml_4449280,4449280,9.32873E+12,Little Creatures,Hazy IPA Can 375mL,69,Pack (16),,,69,TRUE,,0,,,Can,1.6,5.20%,No,Australia
10/8/2021,https://www.liquorland.com.au/beer/hahn-super-dry-can-330ml-10-pack-_2605512,2605512,9.31342E+12,Hahn,Super Dry Can 330mL (10 pack),10,Pack (10),,,28,TRUE,,0,,,Can,1.2,4.60%,No,Australia
10/8/2021,https://www.liquorland.com.au/beer/tooheys-extra-dry-bottle-696ml_6414470,6414470,9.31189E+12,Tooheys,Extra Dry Bottle 696mL,,Pack (12),,,,TRUE,,0,Dry,Dry,Bottle,2.5,4.40%,No,Australia
10/8/2021,https://www.liquorland.com.au/beer/stockade-splicer-xpa-can-375ml_3596880,3596880,9.34786E+12,Stockade,Splicer XPA Can 375mL,70,Pack (24),,,,TRUE,5,4,,Session XPA,Can,1.4,4.40%,No,Australia
10/8/2021,https://www.liquorland.com.au/beer/wayward-raspberry-berliner-weisse-can-375ml_3665881,3665881,9.35117E+12,Wayward,Raspberry Berliner Weisse Can 375mL,,Pack (24),,,,TRUE,,0,Flavoured & Sours,Flavoured & Sours,Can,1.2,3.80%,No,Australia
10/8/2021,https://www.liquorland.com.au/beer/stella-artois-can-500ml_8838080,8838080,,Stella Artois,Can 500mL,70,Pack (24),,,,TRUE,5,1,,Lager,Can,1.9,4.80%,No,United Kingdom
10/8/2021,https://www.liquorland.com.au/beer/stone-wood-cloud-catcher-can-375ml_4448357,4448357,9.3419E+12,Stone & Wood,Cloud Catcher Can 375mL,62,Pack (16),,,70,TRUE,,0,,Pale Ale,Can,1.6,5.20%,No,Australia
10/8/2021,https://www.liquorland.com.au/beer/capital-brewing-rock-hopper-ipa-can-375ml_3334002,3334002,9.35121E+12,Capital Brewing,Rock Hopper IPA Can 375mL,,Pack (24),,,,TRUE,,0,,IPA,Can,1.9,6.10%,No,Australia
10/8/2021,https://www.liquorland.com.au/beer/moon-dog-mullet-fruit-sour-can-330ml_4448018,4448018,9.34566E+12,Moon Dog,Mullet Fruit Sour Can 330mL,93,Pack (24),,,,TRUE,,0,Flavoured & Sours,Flavoured & Sours,Can,1.2,4.50%,No,Australia
10/8/2021,https://www.liquorland.com.au/beer/fixation-obsession-ipa-can-375ml_4444651,4444651,9.3419E+12,Fixation,Obsession IPA Can 375mL,72,Pack (24),,,,TRUE,,0,,IPA,Can,1.4,4.60%,No,Australia
10/8/2021,https://www.liquorland.com.au/beer/fixation-little-ray-ipa-can-375ml_4444684,,,,,,,,,,FALSE,,None,,,,,,,
10/8/2021,https://www.liquorland.com.au/beer/rekorderlig-blueberry-lemon-cider-bottle-330ml_4477640,4477640,7.3111E+12,Rekorderlig,Blueberry Lemon Cider Bottle 330ml,95,Pack (24),,,59,TRUE,,None,,,Bottle,1.1,4.00%,No,Sweden
10/8/2021,https://www.liquorland.com.au/beer/nomad-budgy-smuggler-pale-ale-can-330ml_3745798,3745798,9.34906E+12,Nomad,Budgy Smuggler Pale Ale Can 330mL,93,Pack (24),,,,TRUE,,0,Pale Ale,Pale Ale,Can,1.4,5.00%,No,Australia
10/8/2021,https://www.liquorland.com.au/beer/ballistic-hawaiian-haze-hazy-ipa-can-375ml_4197392,4197392,9.35275E+12,Ballistic,Hawaiian Haze Hazy IPA Can 375mL,72,Pack (16),,,,TRUE,,0,,,Can,2.4,8.00%,No,Australia
10/8/2021,https://www.liquorland.com.au/beer/akasha-freshwater-pale-ale-can-375ml_3343251,3343251,9.35068E+12,Akasha,Freshwater Pale Ale Can 375mL,95,Pack (24),,,,TRUE,,0,Pale Ale,,Can,1.6,5.20%,No,Australia
10/8/2021,https://www.liquorland.com.au/beer/ballistic-low-ha-low-carb-pale-ale-can-375ml_4658112,4658112,9.35275E+12,Ballistic,Low Ha Low Carb Pale Ale Can 375mL,90,Pack (24),,,,TRUE,,0,,,Can,1.2,4.00%,No,Australia
10/8/2021,https://www.liquorland.com.au/beer/capital-brewing-evil-eye-red-ipa-can-375ml_3333972,3333972,9.35121E+12,Capital Brewing,Evil Eye Red IPA Can 375mL,,Pack (24),,,,TRUE,,0,,IPA,Can,1.8,6.00%,No,Australia
10/8/2021,https://www.liquorland.com.au/beer/sapporo-can-500ml_4684236,4684236,9.31044E+12,Sapporo,Can 500mL,76,Pack (24),,,,TRUE,,0,,Lager,Can,2,5.00%,No,Australia
10/8/2021,https://www.liquorland.com.au/beer/ironbark-hill-summer-ale-can-375ml_3946836,3946836,9.34268E+12,IronBark Hill,Summer Ale Can 375mL,90,Pack (24),,,,TRUE,,0,,,Can,1.1,3.50%,No,Australia
10/8/2021,https://www.liquorland.com.au/beer/ironbark-hill-american-pale-ale-can-375ml_3946869,3946869,9.34268E+12,IronBark Hill,American Pale Ale Can 375mL,99,Pack (24),,,,TRUE,,0,,,Can,1.6,5.20%,No,Australia
10/8/2021,https://www.liquorland.com.au/beer/murrays-angry-man-pale-ale-can-375ml_3663649,3663649,9.33759E+12,Murrays,Angry Man Pale Ale Can 375mL,87,Pack (24),,,,TRUE,,0,Pale Ale,Pale Ale,Can,1.5,4.80%,No,Australia
10/8/2021,https://www.liquorland.com.au/beer/bridge-road-free-time-pale-ale-can-355ml_4692915,4692915,9.33916E+12,Bridge Road,Free Time Pale Ale Can 355mL,69,Pack (24),,,,TRUE,,0,,,Can,0.1,0.01%,No,Australia
10/8/2021,https://www.liquorland.com.au/beer/brewdog-nanny-state-can-375ml_4715511,4715511,9.35628E+12,BrewDog,Nanny State Can 375mL,48,Pack (16),,,,TRUE,,0,,,Can,0.2,0.50%,No,Australia
10/8/2021,https://www.liquorland.com.au/beer/wolf-of-the-willows-limited-edition-can-355ml_4515818,4515818,9.35163E+12,Wolf of the Willows,Limited Edition Can 355mL,91,Pack (24),,,,TRUE,,0,,,Can,1.1,3.80%,No,Australia
10/8/2021,https://www.liquorland.com.au/beer/ironbark-hill-wheatermelon-can-375ml_3946891,3946891,,IronBark Hill,Wheatermelon Can 375mL,99,Pack (24),,,,TRUE,5,1,,,Can,1.5,5.00%,No,Australia
10/8/2021,https://www.liquorland.com.au/beer/wolf-of-the-willows-seasonal-release-can-355ml_4515590,4515590,9.35163E+12,Wolf of the Willows,Seasonal Release Can 355mL,91,Pack (24),,,,TRUE,,0,,,Can,1.5,5.00%,No,Australia
10/8/2021,https://www.liquorland.com.au/beer/bentspoke-brewed-ginger-beer-can-375ml_4718338,4718338,9.35025E+12,BentSpoke,Brewed Ginger Beer Can 375mL,93,Pack (24),,,,TRUE,,0,,,Can,1.1,3.50%,No,Australia
10/8/2021,https://www.liquorland.com.au/beer/bridge-road-sour-series-can-355ml_4691719,4691719,9.33916E+12,Bridge Road,Sour Series Can 355mL,93,Pack (24),,,,TRUE,,0,,,Can,1.3,4.30%,No,Australia
10/8/2021,https://www.liquorland.com.au/beer/sydney-beer-co-lager-330ml_3755656,3755656,9.37E+12,Sydney Beer Co,Lager 330mL,68,Pack (24),,,,TRUE,,0,Lager,Lager,Bottle,1.2,4.50%,No,Australia
10/8/2021,https://www.liquorland.com.au/,,,,Extra Dry Bottle 345mL,53,Pack (4),,,66,TRUE,,None,,,,,,,
10/8/2021,https://www.liquorland.com.au/,,,,Extra Dry Bottle 345mL,53,Pack (4),,,66,TRUE,,None,,,,,,,
10/8/2021,https://www.liquorland.com.au/,,,,Extra Dry Bottle 345mL,53,Pack (4),,,66,TRUE,,None,,,,,,,
10/8/2021,https://www.liquorland.com.au/,,,,Extra Dry Bottle 345mL,53,Pack (4),,,66,TRUE,,None,,,,,,,
10/8/2021,https://www.liquorland.com.au/,,,,Extra Dry Bottle 345mL,53,Pack (4),,,66,TRUE,,None,,,,,,,
10/8/2021,https://www.liquorland.com.au/,,,,Extra Dry Bottle 345mL,53,Pack (4),,,66,TRUE,,None,,,,,,,
10/8/2021,https://www.liquorland.com.au/,,,,Extra Dry Bottle 345mL,53,Pack (4),,,66,TRUE,,None,,,,,,,
10/8/2021,https://www.liquorland.com.au/beer/xxxx-bitter-block-can-375ml_6718180,6718180,9.31088E+12,XXXX,Bitter Block Can 375mL,65,Pack (30),,,,TRUE,5,2,Bitter,bitter,Can,1.4,4.40%,No,Australia
10/8/2021,https://www.liquorland.com.au/beer/asahi-super-dry-cans-500ml_2515260,2515260,4.901E+12,Asahi,Super Dry Cans 500mL,83,Pack (24),,,58,TRUE,5,5,Lager,Lager,Can,2,5.00%,No,Japan
10/8/2021,https://www.liquorland.com.au/beer/fat-yak-pale-ale-bottle-345ml_7001453,7001453,9.32E+12,Fat Yak,Pale Ale Bottle 345mL,50,Pack (24),,,,TRUE,,0,Pale Ale,Pale Ale,Bottle,1.3,4.70%,No,Australia
10/8/2021,https://www.liquorland.com.au/beer/hammer-n-tongs-light-block-can-330ml_3667286,3667286,9.31394E+12,Hammer N Tongs,Light Block Can 330mL,29,Pack (30),,,,TRUE,4.7,6,,,Can,0.8,2.70%,No,Viet Nam
10/8/2021,https://www.liquorland.com.au/beer/4-pines-brewing-pale-ale-bottle-330ml_8560938,8560938,9.34484E+12,4 Pines Brewing,Pale Ale Bottle 330mL,63,Pack (24),,,69,TRUE,4.5,4,Pale Ale,Pale Ale,Bottle,1.4,5.10%,No,Australia
10/8/2021,https://www.liquorland.com.au/beer/praga-premium-pils-can-500ml_3278681,3278681,8.59419E+12,Praga,Premium Pils Can 500mL,58,Pack (24),,,,TRUE,4.5,11,Pilsner,Pilsner,Can,1.9,4.70%,No,Czech Republic
10/8/2021,https://www.liquorland.com.au/beer/carlton-mid-block-can-375ml_6747880,6747880,9.32E+12,Carlton,Mid Block Can 375mL,50,Pack (30),,,,TRUE,3.7,3,Mid Strength,Mid Strength,Can,0.9,3.00%,No,Australia
10/8/2021,https://www.liquorland.com.au/beer/tiger-crystal-lager-bottle-330ml_3695113,3695113,9.41434E+12,Tiger,Crystal Lager Bottle 330mL,35,Pack (24),,,,TRUE,4.3,3,,Lager,Bottle,1.2,4.50%,No,New Zealand
10/8/2021,https://www.liquorland.com.au/beer/victoria-bitter-can-375ml_10016,10016,9.32E+12,Victoria Bitter,Can 375mL,53,Pack (24),,,,TRUE,4.8,4,Bitter,bitter,Can,1.5,4.90%,No,Australia
10/8/2021,https://www.liquorland.com.au/beer/great-northern-original-8pk-can-375ml_4417579,4417579,9.32E+12,Great Northern,Original 8pk Can 375mL,23,Pack (8),,,28,TRUE,,0,Lager,Lager,Can,1.3,4.20%,No,Australia
10/8/2021,https://www.liquorland.com.au/beer/coopers-vintage-ale-bottle-355ml_380744,380744,9.31044E+12,Coopers,Vintage Ale Bottle 355mL,90,Pack (24),,,,TRUE,5,1,Ale,Ale,Bottle,2.2,7.50%,No,Australia
10/8/2021,https://www.liquorland.com.au/beer/estrella-damm-lager-bottle-330ml_2770632,2770632,8.41079E+12,Estrella Damm,Lager Bottle 330mL,45,Pack (24),,,58,TRUE,5,1,Lager,Lager,Bottle,1.2,4.60%,No,Spain
10/8/2021,https://www.liquorland.com.au/beer/victoria-bitter-8pk-can-375ml_4417524,4417524,9.32E+12,Victoria Bitter,8pk Can 375mL,23,Pack (8),,,28,TRUE,5,1,Bitter,bitter,Can,1.5,4.90%,No,Australia
10/8/2021,https://www.liquorland.com.au/beer/tinnies-xpa-can-375ml_4225910,4225910,9.31394E+12,Tinnies,XPA Can 375mL,56,Pack (24),,,,TRUE,4.7,3,XPA,,Can,1.4,4.60%,No,Australia
10/8/2021,https://www.liquorland.com.au/beer/cricketers-arms-spearhead-pale-ale-4-6-bottle-330ml_3396553,3396553,9.32998E+12,Cricketers Arms,Spearhead Pale Ale 4.6% Bottle 330mL,47,Pack (24),,,,TRUE,5,2,Pale Ale,Pale Ale,Bottle,1.2,4.60%,No,Australia
10/8/2021,https://www.liquorland.com.au/beer/pirate-life-south-coast-pale-ale-can-355ml_3858524,3858524,9.34934E+12,Pirate Life,South Coast Pale Ale Can 355mL,45,Pack (16),,,50,TRUE,4.3,4,Pale Ale,Pale Ale,Can,1.3,4.40%,No,Australia
10/8/2021,https://www.liquorland.com.au/beer/tall-boy-refreshing-ale-can-500ml_4215927,4215927,9.34605E+12,Tall Boy,Refreshing Ale Can 500ml,29,Pack (16),,,35,TRUE,4.7,3,Ale,Ale,Can,1.8,4.50%,No,Viet Nam
10/8/2021,https://www.liquorland.com.au/beer/carlton-dry-8pk-can-375ml_4417546,4417546,9.32E+12,Carlton Dry,8pk Can 375mL,23,Pack (8),,,28,TRUE,,0,Dry,Dry,Can,1.4,4.50%,No,Australia
10/8/2021,https://www.liquorland.com.au/beer/coopers-stout-can-440ml_4311578,4311578,9.31044E+12,Coopers,Stout Can 440mL,80,Pack (24),,,,TRUE,5,3,Stout,,Can,2.2,6.30%,No,Australia
10/8/2021,https://www.liquorland.com.au/beer/hahn-super-dry-3-5-bottle-330ml_6975987,6975987,9.31342E+12,Hahn,Super Dry 3.5 Bottle 330mL,53,Pack (24),,,,FALSE,3,2,Dry,Dry,Bottle,1,3.50%,No,Australia
10/8/2021,https://www.liquorland.com.au/beer/corona-cero-can-355ml_4474460,4474460,33544950159,Corona,Cero Can 355mL,30,Pack (24),,,,TRUE,,0,,Non Alcoholic,Can,0.1,0.01%,No,Mexico
10/8/2021,https://www.liquorland.com.au/beer/kilkenny-cans-440ml_5883533,5883533,5.00021E+12,Kilkenny,Cans 440mL,72,Pack (24),,,,TRUE,4.8,5,Irish Ale,Irish Ale,Can,1.5,4.30%,No,Ireland
10/8/2021,https://www.liquorland.com.au/beer/great-northern-original-lager-bottle-700ml_3041285,3041285,9.32E+12,Great Northern,Original Lager Bottle 700mL,18,Pack (3),,,,TRUE,,0,Lager,Lager,Bottle,2.4,4.20%,No,Australia
10/8/2021,https://www.liquorland.com.au/beer/ewe-beaut-mid-strength-lager-bottle-330ml_3702343,3702343,9.31394E+12,Ewe Beaut,Mid Strength Lager Bottle 330mL,52,Pack (24),,,,TRUE,4.5,12,Mid Strength,Mid Strength,Bottle,1,3.50%,No,Australia
10/8/2021,https://www.liquorland.com.au/beer/pirate-life-pale-ale-5-4-can-355ml_3075120,3075120,9.34934E+12,Pirate Life,Pale Ale 5.4% Can 355mL,56,Pack (16),,,60,TRUE,,0,Pale Ale,Pale Ale,Can,1.6,5.40%,No,Australia
10/8/2021,https://www.liquorland.com.au/beer/little-creatures-pacific-ale-can-375ml_4449316,4449316,9.32873E+12,Little Creatures,Pacific Ale Can 375mL,57,Pack (16),,,70,TRUE,,0,,,Can,1.6,5.20%,No,Australia
10/8/2021,https://www.liquorland.com.au/beer/reschs-pilsener-can-375ml_3924232,3924232,9.32E+12,Reschs,Pilsener Can 375mL,58,Pack (24),,,,TRUE,4,2,,Pilsner,Can,1.4,4.40%,No,Australia
10/8/2021,https://www.liquorland.com.au/beer/wolf-of-the-willows-dad-can-355ml_4513517,4513517,9.35163E+12,Wolf of the Willows,Wolf Of The Willows DAD Can 355mL,75,Pack (24),,,,TRUE,4,1,,Lager,Can,1.2,4.20%,No,Australia
10/8/2021,https://www.liquorland.com.au/beer/napoleone-co-yarra-valley-apple-cider-can-355ml_4150388,4150388,9.32602E+12,Napoleone & Co,Yarra Valley Apple Cider Can 355mL,21,Pack (6),,,,TRUE,,0,Apple Cider,,Can,1.3,4.50%,No,Australia
10/8/2021,https://www.liquorland.com.au/beer/young-henrys-ipa-can-375ml_3275435,3275435,9.34624E+12,Young Henrys,IPA Can 375mL,88,Pack (24),,,,TRUE,,0,India Pale Ale,Ale,Can,1.8,6.00%,No,Australia
10/8/2021,https://www.liquorland.com.au/beer/tinnies-hot-craft-bun-ale-can-375ml_4288501,4288501,9.31394E+12,Tinnies,Hot Craft Bun Ale Can 375mL,53,Pack (16),,,55,TRUE,3.1,9,Flavoured & Sour,Flavoured & Sours,Can,1.4,4.60%,No,Australia
10/8/2021,https://www.liquorland.com.au/beer/coopers-aus-ipa-can-375ml_4311545,4311545,9.31044E+12,Coopers,Aus IPA Can 375mL,90,Pack (24),,,,TRUE,5,1,IPA,Fruity IPA,Can,2,6.50%,No,Australia
10/8/2021,https://www.liquorland.com.au/beer/tinnies-choc-cherry-stout-can-375ml_4462041,4462041,9.31394E+12,Tinnies,Choc Cherry Stout Can 375mL,55,Pack (16),,,70,TRUE,2.8,4,Stout,Stout,Can,1.6,5.10%,No,Australia
10/8/2021,https://www.liquorland.com.au/beer/4-pines-brewing-extra-refreshing-ale-bottle-330ml_3858455,3858455,9.34484E+12,4 Pines Brewing,Extra Refreshing Ale Bottle 330mL,61,Pack (24),,,69,TRUE,2,2,Ale,Ale,Bottle,1.1,4.10%,No,Australia
10/8/2021,https://www.liquorland.com.au/beer/james-squire-150-lashes-can-330ml-10-pack-_2592680,2592680,9.32553E+12,James Squire,150 Lashes Can 330mL (10 pack),32,Pack (10),,,,TRUE,,0,,Pale Ale,Can,1.1,4.20%,No,Australia
10/8/2021,https://www.liquorland.com.au/beer/hahn-premium-light-can-375ml_434553,434553,9.31342E+12,Hahn,Premium Light Can 375mL,45,Pack (24),,,,TRUE,,0,Light,Light,Can,0.8,2.40%,No,Australia
10/8/2021,https://www.liquorland.com.au/beer/pirate-life-black-forest-cake-can-355ml_4454917,4454917,9.34934E+12,Pirate Life,Black Forest Cake Can 355mL,63,Pack (16),,,,TRUE,3,2,,Flavoured & Sours,Can,1.7,6.00%,No,Australia
10/8/2021,https://www.liquorland.com.au/beer/lorry-boys-draught-can-375ml_3891880,3891880,9.31394E+12,Lorry Boys,Draught Can 375mL,38,Pack (24),,,,TRUE,4,2,,Draught,Can,1.2,4.00%,No,Australia
10/8/2021,https://www.liquorland.com.au/beer/4-pines-strawberry-jam-sour-can-375ml_4297386,4297386,9.34484E+12,4 Pines,Strawberry Jam Sour Can 375mL,83,Pack (24),,,,TRUE,2,2,Flavoured & Sour,Flavoured & Sours,Can,1.2,3.90%,No,Australia
10/8/2021,https://www.liquorland.com.au/beer/pirate-life-acai-passionfruit-sour-can-355ml_3750233,3750233,9.34934E+12,Pirate Life,Acai & Passionfruit Sour Can 355mL,53,Pack (16),,,,TRUE,3,1,Flavoured & Sours,Flavoured & Sours,Can,1,3.50%,No,Australia
10/8/2021,https://www.liquorland.com.au/beer/rekorderlig-wild-berry-cider-bottle-500ml_8093210,8093210,7.3111E+12,Rekorderlig,Wild Berry Cider Bottle 500mL,91,Pack (15),,,,TRUE,,0,Flavoured Cider,,Bottle,1.6,4.00%,No,Sweden
10/8/2021,https://www.liquorland.com.au/beer/green-beacon-mango-passionfruit-sour-can-375ml_4454881,4454881,9.34948E+12,Green Beacon,Mango & Passionfruit Sour Can 375mL,90,Pack (24),,,,TRUE,5,1,Flavoured & Sours,,Can,1.5,5.00%,No,Australia
10/8/2021,https://www.liquorland.com.au/beer/bentspoke-cluster-8-can-375ml_3642321,3642321,9.35025E+12,BentSpoke,Bentspoke Cluster 8 Can 375mL,,Pack (24),,,,TRUE,,0,IPA,IPA,Can,2.7,8.80%,No,Australia
10/8/2021,https://www.liquorland.com.au/beer/stone-wood-cloud-catcher-pale-ale-bottle-330ml_3540536,3540536,9.3419E+12,Stone & Wood,Cloud Catcher Pale Ale Bottle 330mL,78,Pack (24),,,,TRUE,,0,,Pale Ale,Bottle,1.4,5.00%,No,Australia
10/8/2021,https://www.liquorland.com.au/beer/stones-buenaveza-mexican-lager-can-473ml_4195820,4195820,4.26045E+12,Stones,Buenaveza Mexican Lager Can 473mL,99,Pack (24),,,,TRUE,,0,,,Can,1.8,4.70%,No,United States
10/8/2021,https://www.liquorland.com.au/beer/4-pines-brewing-kolsch-bottle-330ml_8560723,8560723,9.34484E+12,4 Pines Brewing,Kolsch Bottle 330mL,68,Pack (24),,,69,TRUE,,0,Kolsch,Kolsch,Bottle,1.2,4.60%,No,Australia
10/8/2021,https://www.liquorland.com.au/beer/hahn-super-dry-bottle-700ml_6414684,6414684,9.31342E+12,Hahn,Super Dry Bottle 700mL,56,Pack (12),,,,TRUE,,0,,Dry,Bottle,2.6,4.60%,No,Australia
10/8/2021,https://www.liquorland.com.au/beer/nomad-pacific-dream-can-330ml_3174096,3174096,9.34906E+12,Nomad,Pacific Dream Can 330mL,76,Pack (24),,,,TRUE,3.7,7,,Pale Ale,Can,1.1,4.10%,No,Australia
10/8/2021,https://www.liquorland.com.au/beer/six-string-tropical-pale-ale-can-375ml_3171859,3171859,9.34888E+12,Six String,Tropical Pale Ale Can 375mL,72,Pack (24),,,,TRUE,,0,,Tropical Pale Ale,Can,1.3,4.20%,No,Australia
10/8/2021,https://www.liquorland.com.au/beer/philter-xpa-can-375ml_3431010,3431010,9.37E+12,Philter,XPA Can 375mL,76,Pack (24),,,,TRUE,,0,XPA,XPA,Can,1.3,4.20%,No,Australia
10/8/2021,https://www.liquorland.com.au/beer/ice-beer-block-can-375ml_5094861,5094861,9.31342E+12,Ice Beer,Block Can 375mL,74,Pack (30),,,,TRUE,5,1,,Lager,Can,1.2,4.00%,No,Australia
10/8/2021,https://www.liquorland.com.au/beer/red-bitter-block-can-375ml_22507,22507,9.31189E+12,Red Bitter,Block Can 375mL,66,Pack (30),,,,TRUE,5,1,Bitter,bitter,Can,1.2,4.00%,No,Australia
10/8/2021,https://www.liquorland.com.au/beer/4-pines-ben-jerry-s-choc-chip-cookie-nitro-ale-can-375ml_4350853,4350853,9.34484E+12,4 Pines,Ben & Jerry's Choc Chip Cookie Nitro Ale Can 375mL,,Pack (24),,,,TRUE,3.5,2,Brown Ale,Brown Ale,Can,1.6,5.10%,No,Australia
10/8/2021,https://www.liquorland.com.au/beer/matso-s-mango-beer-bottle-330ml_7714854,7714854,9.33885E+12,Matso's,Mango Beer Bottle 330mL,77,Pack (24),,,,TRUE,4,1,Flavoured & Sour,Flavoured & Sour,Bottle,1.2,4.50%,No,Australia
10/8/2021,https://www.liquorland.com.au/beer/matso-s-lower-sugar-ginger-beer-can-330ml_4320182,4320182,9.33494E+12,Matso's,Lower Sugar Ginger Beer Can 330mL,95,Pack (24),,,,TRUE,1,1,Ginger Beer,Ginger Beer,Can,1.1,4.00%,No,Australia
10/8/2021,https://www.liquorland.com.au/beer/pirate-life-eyre-peninsula-coffee-bean-porter-can-355ml_4297535,4297535,9.34934E+12,Pirate Life,Eyre Peninsula Coffee Bean Porter Can 355mL,60,Pack (16),,,,TRUE,3.5,4,Porter,Porter,Can,1.7,6.00%,No,Australia
10/8/2021,https://www.liquorland.com.au/beer/kaiju-krush-tropical-ale-can-375ml_3112871,3112871,9.34678E+12,Kaiju,Krush Tropical Ale Can 375mL,75,Pack (24),,,,TRUE,,0,Tropical Pale Ale,Tropical Pale Ale,Can,1.4,4.70%,No,Australia
10/8/2021,https://www.liquorland.com.au/beer/jetty-road-pale-ale-cans-375ml_3651956,3651956,9.37E+12,Jetty Road,Pale Ale Cans 375mL,83,Pack (24),,,,TRUE,5,1,Pale Ale,Pale Ale,Can,1.5,4.80%,No,Australia
10/8/2021,https://www.liquorland.com.au/beer/melbourne-bitter-bottle-750ml_10474,10474,9.32E+12,Melbourne Bitter,Bottle 750mL,75,Pack (12),,,,TRUE,,0,Bitter,bitter,Bottle,2.8,4.60%,No,Australia
10/8/2021,https://www.liquorland.com.au/beer/mountain-goat-xl-lager-can-375ml_4297251,4297251,9.32883E+12,Mountain Goat,XL Lager Can 375mL,60,Pack (24),,,58,TRUE,,0,Lager,Lager,Can,1.5,4.90%,No,Australia
10/8/2021,https://www.liquorland.com.au/beer/burleigh-brewing-twisted-palm-bottle-330ml_2838689,2838689,9.33922E+12,Burleigh Brewing,Twisted Palm Bottle 330mL,69,Pack (24),,,,TRUE,,0,Tropical Pale Ale,Summer Ale,Bottle,1.1,4.20%,No,Australia
10/8/2021,https://www.liquorland.com.au/beer/bintang-pilsner-bottle-330ml_26284,26284,8.99721E+12,Bintang,Pilsner Bottle 330mL,59,Pack (24),,,,TRUE,,0,Pilsener,Pilsener,Bottle,1.3,4.70%,No,Indonesia
10/8/2021,https://www.liquorland.com.au/beer/carlton-cold-bottle-355ml_1624170,1624170,9.32E+12,Carlton,Cold Bottle 355mL,53,Pack (24),,,,TRUE,,0,,,Bottle,1,3.50%,No,Australia
10/8/2021,https://www.liquorland.com.au/beer/bridge-road-beechworth-pale-ale-bottle-330ml_8502160,8502160,9.33916E+12,Bridge Road,Beechworth Pale Ale Bottle 330mL,84,Pack (24),,,69,TRUE,5,1,Pale Ale,Pale Ale,Bottle,1.3,4.80%,No,Australia
10/8/2021,https://www.liquorland.com.au/beer/stone-wood-east-point-can-375ml_3925235,3925235,9.3419E+12,Stone & Wood,East Point Can 375mL,50,Pack (16),,,,TRUE,1,1,,,Can,0.8,2.70%,No,Australia
10/8/2021,https://www.liquorland.com.au/beer/black-hops-east-coast-haze-hazy-pale-ale-can-375ml_4448583,4448583,9.35254E+12,Black Hops,East Coast Haze Hazy Pale Ale Can 375mL,59,Pack (16),,,,TRUE,,0,,Pale Ale,Can,1.4,4.50%,No,Australia
10/8/2021,https://www.liquorland.com.au/beer/balter-cryo-hazy-can-375ml_4405285,4405285,9.35071E+12,Balter,Cryo Hazy Can 375mL,85,Pack (16),,,,TRUE,,0,,,Can,1.8,6.00%,No,Australia
10/8/2021,https://www.liquorland.com.au/beer/alska-strawberry-lime-cider-can-330ml-10pack-_3014522,3014522,7.35007E+12,Alska Cider,Alska Strawberry & Lime Cider Can 330mL (10Pack),30,Pack (10),,,25,TRUE,5,3,,,Can,1.1,4.00%,No,Sweden
10/8/2021,https://www.liquorland.com.au/beer/green-beacon-wayfarer-tropical-pale-ale-can-375ml_3127551,3127551,9.34948E+12,Green Beacon,Wayfarer Tropical Pale Ale Can 375mL,80,Pack (24),,,83,TRUE,,0,Wheat Beer,Wheat Beer,Can,1.5,4.90%,No,Australia
10/8/2021,https://www.liquorland.com.au/beer/tooheys-old-dark-ale-bottle-750ml_10153,10153,9.31189E+12,Tooheys,Old Dark Ale Bottle 750mL,,Pack (12),,,,TRUE,,0,Dark Ale,Dark Ale,Bottle,2.7,4.40%,No,Australia
10/8/2021,https://www.liquorland.com.au/beer/pressman-s-original-apple-cider-bottle-330ml_2113290,2113290,9.34794E+12,Pressman's,Original Apple Cider Bottle 330mL,55,Pack (24),,,59,TRUE,,None,Apple Cider (WET),,Bottle,1.2,4.50%,No,Australia
10/8/2021,https://www.liquorland.com.au/beer/newtons-fresh-pear-cider-bottle-330ml_8685762,8685762,9.31394E+12,Newtons,Fresh Pear Cider Bottle 330mL,45,Pack (24),,,55,TRUE,4.2,5,Pear Cider,,Bottle,1.2,4.50%,No,Australia
10/8/2021,https://www.liquorland.com.au/beer/xxxx-bitter-rack-pack-bottle-750ml_6838895,6838895,9.31088E+12,XXXX,Bitter Rack Pack Bottle 750mL,,Pack (12),,,,TRUE,,0,Bitter,bitter,Bottle,2.7,4.40%,No,Australia
10/8/2021,https://www.liquorland.com.au/beer/bonamys-apple-cider-bottle-330ml_2821165,2821165,9.32E+12,Bonamys,Apple Cider Bottle 330mL,73,Pack (24),,,55,TRUE,5,2,Apple Cider,,Bottle,1.1,4.00%,No,Australia
10/8/2021,https://www.liquorland.com.au/beer/4-pines-brewing-indian-summer-ale-can-375ml_2623671,2623671,9.34484E+12,4 Pines Brewing,Indian Summer Ale Can 375mL,72,Pack (24),,,83,TRUE,4.5,2,,Summer Ale,Can,1.3,4.20%,No,Australia
10/8/2021,https://www.liquorland.com.au/beer/foghorn-newy-pale-ale-375ml_3751178,3751178,9.35566E+12,Foghorn,Newy Pale Ale 375ml,95,Pack (24),,,,TRUE,,0,Pale Ale,Pale Ale,Can,1.4,4.50%,No,Australia
10/8/2021,https://www.liquorland.com.au/beer/montague-cider-house-cider-330ml_2680471,2680471,9.32229E+12,Montague,Cider House Cider 330mL,66,Pack (24),,,55,TRUE,,0,Apple Cider (WET),,Bottle,1.1,4.00%,No,Australia
10/8/2021,https://www.liquorland.com.au/beer/foghorn-young-americans-ipa-can-375ml_3751190,3751190,9.35566E+12,Foghorn,Young Americans IPA Can 375ml,,Pack (24),,,,TRUE,,0,India Pale Ale,India Pale Ale,Can,2.1,6.80%,No,Australia
10/8/2021,https://www.liquorland.com.au/beer/little-creatures-xpa-can-375ml_4449258,4449258,9.32873E+12,Little Creatures,XPA Can 375mL,59,Pack (16),,,70,TRUE,,0,,,Can,1.5,4.90%,No,Australia
10/8/2021,https://www.liquorland.com.au/beer/naughty-booch-ginger-lemon-can-330ml_3587245,3587245,9.35063E+12,Naughty Booch,Ginger & Lemon Can 330mL,15,Pack (4),,,,TRUE,3,1,Flavoured Cider,,Can,1.2,4.60%,No,Australia
10/8/2021,https://www.liquorland.com.au/beer/iron-jack-red-bottle-700ml_3414236,3414236,9.31088E+12,Iron Jack,Red Bottle 700mL,70,Pack (12),,,,TRUE,,0,,,Bottle,2.4,4.20%,No,Australia
10/8/2021,https://www.liquorland.com.au/beer/white-bay-sunny-pale-can-355ml_3827586,3827586,9.37E+12,White Bay,Sunny Pale Can 355mL,60,Pack (18),,,,TRUE,,0,Pale Ale,Pale Ale,Can,1.3,4.50%,No,Australia
