title,Catagory,Account_type/Product_Type,Content,prdouct type,stock,regular_price,sale_price,Wrranty Period,Wrranty type,product_url,images_url,product_catagory,Store_url/dropship_supplier,Rating out of 5,Rating,Sold
[BUY1FREE2] MICROSOFT OFFICE PRO PLUS 2019 2016 2013 2010 GENUINE [WIN ONLY] a,VERSION,"OFFICE 2016,OFFICE 2019,OFFICE 2019,OFFICE 2019,OFFICE 2019,OFFICE 2019,OFFICE 2019,OFFICE 2019,OFFICE 2019",- Buy [BUY1FREE2] MICROSOFT OFFICE PRO PLUS 2019 2016 2013 2010 GENUINE [WIN ONLY] a,Software,"98927 piece available,100721 piece available,99945 piece available,99950 piece available,99974 piece available,99994 piece available,99984 piece available,99996 piece available,99545 piece available","RM6.00,RM6.00,RM5.00,RM5.00,RM4.00,RM4.00,RM4.00,RM4.00,RM1.00",,OEM,Lifetime Warranty,https://shopee.com.my/-BUY1FREE2-MICROSOFT-OFFICE-PRO-PLUS-2019-2016-2013-2010-GENUINE-WIN-ONLY-a-i.314562213.4681023857,https://cf.shopee.com.my/file/6d86a7d8de83a3583e9b2b455603e7b4_tn,"Shopee,Computer & Accessories,Components,Software",https://shopee.com.my/sell2ware?categoryId=174&itemId=4681023857,5,708,6.3k
[üî•UNLIMITED DATAüî•] & HOTSPOT -MAXIS -UMOBILE -DIGI -VPN -DATA - UNLIMITEDD,HARI,"15,3,3,3","Anda selalu kehabisan data internet? Unlimited data tapi speed capped dan FUP 50GB seperti Maxis? Jom dapatkan servis kami ‚úÖ Data confirm 100% unlimited ‚úÖTanpa perlu melanggan internet dari telco anda ‚úÖ Unlimited hotspot untuk android ‚úÖ Support mobile gaming ( ml dan pubg ) ‚úÖ Ping rendah ‚úÖ Server singapore @ Server Malaysia ===================================== SUPPORT SIM POSTPAID/PREPAID Digi ( Android, Ios, Modem mod only ) (no trial) (RM20 30 HARI) üèçÔ∏è Support semua simkad digi üèçÔ∏è Support android ============================================================================ Maxis ( Android, Ios, Modem mod only ) üèçÔ∏è Support semua simkad maxis prepaid üèçÔ∏è Bypass speed 3mbps dan 6mbps bagi yang melanggan plan unlimited Rm35/45 kepada highspeed üèçÔ∏è Tahulah anda bahawa plan unlimited maxis mempunyai FUP 50Gb dan apabila memcapai FUP, internet anda akan diperlahankan. Menggunakan service kami akan menjadikan internet anda menjadi laju semua walaupun telah mecapai FUP. üèçÔ∏è Internet laju tanpa perlu melanggan internet üèçÔ∏è Simkad expired masih boleh berunlimited internet ============================================================================ Umobile ( Android SHJ) üèçÔ∏è Support semua simkad umobile prepaid üèçÔ∏è Bypass speed 3mbps dan 6mbps langgan Rm30/35 kepada highspeed internet üèçÔ∏è Bagi yang tidak melanggan sebarang internet, anda masih boleh menggunakan highpeed interned üèçÔ∏è Simkad expired masih boleh berunlimited internet ============================================================================ # DIGI SAHAJA NO TRIAL RM20 30 HARI - Buy [üî•UNLIMITED DATAüî•] & HOTSPOT -MAXIS -UMOBILE -DIGI -VPN -DATA - UNLIMITEDD",Software,"4892 piece available,4912 piece available,4773 piece available,4984 piece available","RM4.00,RM10.00,RM20.00,RM6.00",,No Warranty,No Warranty,https://shopee.com.my/-%F0%9F%94%A5UNLIMITED-DATA%F0%9F%94%A5-HOTSPOT-MAXIS-UMOBILE-DIGI-VPN-DATA-UNLIMITEDD-i.19952681.5657617540,https://cf.shopee.com.my/file/e09fd8a4966a728269ecaf5428634d25_tn,"Shopee,Computer & Accessories,Components,Software",https://shopee.com.my/techacademy?categoryId=174&itemId=5657617540,4.8,360,629
"[FAST DELIVERY]‚ö°Envato Elements Download Service Within 12 Hours‚ö° - designer, freelancer, web developer, mockup",,,"‚ö°We will deliver the files within 6 hours. Choose from over 1.8 Millions of digital assets for ‚ö° Graphic ‚ö° Photo ‚ö° Audio ‚ö° Presentation ‚ö° Video ‚ö° Wordpress ‚ö° Font ‚ö° and many more... How to Order? 1 Browse this website https://elements.envato.com/ 2 Choose your desired files 3 Copy the link and send it to me via Shopee Chat 4 We download it and give it to you via chat/email [‚ö°Lowest Price Guarantee] - Buy [FAST DELIVERY]‚ö°Envato Elements Download Service Within 12 Hours‚ö° - designer, freelancer, web developer, mockup",Software,10% off,RM0.45,RM0.50,OEM,Lifetime Warranty,https://shopee.com.my/-FAST-DELIVERY-%E2%9A%A1Envato-Elements-Download-Service-Within-12-Hours%E2%9A%A1-designer-freelancer-web-developer-mockup-i.257496768.5132751506,https://cf.shopee.com.my/file/e07bff1f3d589f2dcdf31d9b9d3ea928_tn,"Shopee,Computer & Accessories,Components,Software",https://shopee.com.my/finitydigital.os?categoryId=174&itemId=5132751506,5,273,
[Latest] Adobe CC 2021 Full Version Lifetime Activation [ Windows / Mac ],"Full Master Pack,Photoshop 2021,Illustrator 2021,Lightroom 2021,Premiere Pro 2021,After Effects 2021,Acrobat Pro 2021,InDesign 2021,Choose one Adobe","Windows,Mac,Windows,Mac,Windows,Mac,Windows,Mac,Windows,Mac","‚ùì‚ùì‚ùì‚ùì Why Choose Ez Photo ‚ùì‚ùì‚ùì‚ùì üíØ 100% Working guaranteed or full refund üïî Lifetime Activation Installer üîß After Sales service team patience supports until successfully work ‚öôÔ∏è Ez Easy Installation ‚è≥ Can download one by one - Save Space Save Time üéÅ Multiple Free Gift - Premium Mobile App, Editing Tutorial Videos, Magazines (For full pack only) üìå Windows 10 Only or Mac 10.14 later, Big Sur =========================================================================================== ‚úî Free to claim for future Update ‚úî Updated to the latest Version - Bug Fixes and New Features ‚úî Multi-language version ‚úî No Monthly Subscription Fees ‚úî Same Function with Box version ‚úî Multiple User PC ‚úî Safe and Virus Free by tested before sales ‚úî Detailed installation guide provided ‚úî Compatible with Windows 10- 64 bit Only ‚úî Compatible with Mac OS 10.14 or later ‚úî Compatible with Mac OS Big Sur üìß For Shipping: Just leave your email in the chat or remark and we will send you the installation files through EMAIL once we have received the payment from you. üìå Full Pack Master Collection CC 2021 include: Acrobat Pro DC 2021 Animate CC 2021 Illustrator CC 2021 Bridge CC 2021 Dreamweaver CC 2021 Audition CC 2021 Photoshop CC 2021 Prelude CC 2021 Lightroom Classic CC 2021 Media Encoder CC 2021 After Effects CC 2021 Character Animate CC 2021 Premiere Pro CC 2021 Premiere Rush CC 2021 InCopy CC 2021 InDesign CC 2021 Dimension CC 2021 Xperience Design CC 2021 Lightroom Mobile CC 2021 (For Android) Usage: Photo Editing, Graphic Design, Video Editing, Web development, Animation ============================================================================================== üíª System Requirements For Adobe Master Collection 2021 Operating System: Windows 10 Or Mac OS 10.14 or later Memory (RAM): 4 GB of RAM required. Hard Disk Space: At least 30 GB of free space required Graphic: * 1024 √ó 768 display (1280 √ó 800 recommended) with OpenGL¬Æ 2.016-bit color 3D features are disabled with less than 512MB of VRAM - Buy [Latest] Adobe CC 2021 Full Version Lifetime Activation [ Windows / Mac ]",Software,"572 piece available,341 piece available,528 piece available,480 piece available,355 piece available,421 piece available,530 piece available,424 piece available,425 piece available,571 piece available","RM45.50,RM45.50,RM9.50,RM9.50,RM9.50,RM9.50,RM9.50,RM9.50,RM9.50,RM9.50","RM100.00,RM100.00,RM20.00,RM20.00,RM20.00,RM20.00,RM20.00,RM20.00,RM20.00,RM20.00",OEM,No Warranty,https://shopee.com.my/-Latest-Adobe-CC-2021-Full-Version-Lifetime-Activation-Windows-Mac--i.93512146.9615547611,https://cf.shopee.com.my/file/10d150a671ce38b97bcc3889d673a989_tn,"Shopee,Computer & Accessories,Components,Software",https://shopee.com.my/ezphoto?categoryId=174&itemId=9615547611,5,27,69
[LIFETIME] IFLIX Premium VIP Account - Auto Renew Subscription,,,"üì¢ üì¢üì¢ READY STOCK ‚ú® IFLIX VIP account LIFETIME auto renew account. ~ The account will auto renew when it expired, so it MIGHT last forever, few years of few months üí• PM us to get account details after payment done! - This is a real login account - Not redeem voucher and pin üí• Features: - Can download and watch any movies and drama - Can access all VIP movies and drama ‚ûï‚ûï‚ûï TAKE NOTE::: 1) The account will auto renew on expired date. 2) Please DO NOT change anything in the account(password/create profile/buy subscription) as it will VOID your warranty and affect auto renew. 3) We will provide 3 months warranty for the account, once replace a new account, there is no more warranty in future. 4) Please don't share this account with other, only for one usage for each account. - Buy [LIFETIME] IFLIX Premium VIP Account - Auto Renew Subscription",Software,9140 piece available,RM8.60,,OEM,3 months,https://shopee.com.my/-LIFETIME-IFLIX-Premium-VIP-Account-Auto-Renew-Subscription-i.283685831.5750414757,https://cf.shopee.com.my/file/43dfaf9076067027f9b60be684265235_tn,"Shopee,Computer & Accessories,Components,Software",https://shopee.com.my/___amazing.world___?categoryId=174&itemId=5750414757,4.9,564,
[LIFETIME] YouTube + Spotify + JOOX Premium | No Ads | Unlimited Subscriptions,,,*Andr0id users only YouTube: ‚úî Unlimited subscription ‚úî Can sign in your own email ‚úî No Ads ‚úî Videos can be played in the background (won't stop when you exit the app) ‚úî Can save downloads Spotify: ‚úî Unlimited Subscription ‚úî Can listen to any song as long as you want ‚úî Can sign in your own email ‚úî No Ads ‚úò Cannot download songs JOOX: ‚úî 30-million-song library ‚úî Background playing ‚úî Ad-free ‚úî Download ‚úî Play on demand ‚úî Hi-Fi quality music ‚úî Unlimited skips Note; ‚úø Please leave your email on the message box during checkout. ‚úø Softwares will be emailed within 24 hours. ‚úñ No physical item will be shipped. - Buy [LIFETIME] YouTube + Spotify + JOOX Premium | No Ads | Unlimited Subscriptions,Software,34% off,RM1.99,RM3.00,No Brand,No Warranty,https://shopee.com.my/-LIFETIME-YouTube-Spotify-JOOX-Premium-No-Ads-Unlimited-Subscriptions-i.185203128.7842204551,https://cf.shopee.com.my/file/9a79e396ac35658cf9d5e2a930b6449e_tn,"Shopee,Computer & Accessories,Components,Software",https://shopee.com.my/edzrra?categoryId=174&itemId=7842204551,4.9,907,
[LIFETIME] YouTube Premium | No Ads | Unlimited Subscription,,,*Andr0id users only ‚úî Premium features unlocked ‚úî Can sign in or sign up using your own email ‚úî No Ads ‚úî Support picture-in-picture mod ‚úî Videos can be played in the background (won't stop when you exit the app) ‚úî Can save downloads Note; ‚úø Please leave your email on the message box during checkout. ‚úø Softwares will be emailed within 24 hours. ‚úñ No physical item will be shipped. - Buy [LIFETIME] YouTube Premium | No Ads | Unlimited Subscription,Software,1% off,RM0.99,RM1.00,No Brand,No Warranty,https://shopee.com.my/-LIFETIME-YouTube-Premium-No-Ads-Unlimited-Subscription-i.185203128.5537722866,https://cf.shopee.com.my/file/737b77287a018da7db6003fb44990dc5_tn,"Shopee,Computer & Accessories,Components,Software",https://shopee.com.my/edzrra?categoryId=174&itemId=5537722866,4.9,534,
[VIDEO] PROFIT GUARANTEED! 100% NON REPAINT The Best Latest Advanced Algorithms Forex Indicator Trading System,,,"*** PROMOTIONS FOR THE FIRST 30 PEOPLE BEFORE THE PRICE GOES UP TO RM99.90 *** OVERVIEW: The brand new algorithms Trading System has been developed to provide you with the most accurate, precise and profitable BUY/SELL signals. You will be very surprised when you see what profit we have been able to achieve with this new trading formula. Curious? Scroll down, read the details, have a look at the trading examples and start making tons of successful trades every single day. Take Your Trading To The Highest Level! HOW IT WORKS? It uses the latest advanced algorithms to predict changes in the price movement and generates signals right on your MT4, also uses CS dashboard. thanks to this feature you can always be sure that your trading signals are supported by big and smart money. PRODUCT DETAILS: Platform: MetaTrader 4 Language: English TimeFrames: All TF Trading Time: Any Time Currency Pairs: Any Pairs Purchase Includes: Indicators + Templates + System Manual Trading Accounts: Unlimited License: Unlimited Delivery: Instant Delivery (Email Inbox) CONCLUSION: I want to repeat that the system is very effective. It will definitely help you achieve your financial goals whatever they are. Download the trading system, Install It And Make Profit In Minutes From Now! THANK YOU - Buy [VIDEO] PROFIT GUARANTEED! 100% NON REPAINT The Best Latest Advanced Algorithms Forex Indicator Trading System",Software,17 piece available,RM31.90,,No Warranty,No Warranty,https://shopee.com.my/-VIDEO-PROFIT-GUARANTEED!-100-NON-REPAINT-The-Best-Latest-Advanced-Algorithms-Forex-Indicator-Trading-System-i.179771220.4708917996,https://cf.shopee.com.my/file/9bc9c48ef117857d54ee73d6ba2311bf_tn,"Shopee,Computer & Accessories,Components,Software",https://shopee.com.my/zenziafx?categoryId=174&itemId=4708917996,5,414,
98.90 %WIN Rate PROFITABLE Forex Indicator Trading Systemüî•üî• ( Accurate Signals BUY/SELL ),,,"üí•PERHATIANüí• üî∏Sistem TRADING yang universal üî∏Sesuai untuk SEMUA MATAWANG dan pada SEMUA TIMEFRAME. üî∏Sesuai untuk BEGINNER dan TRADER YANG BERPENGALAMAN. üí•BAGAIMANA IA BERFUNGSIüí• üî∏Sistem TRADING agak mudah dipelajari dan ia sesuai untuk semua trader. üî∏Dasar sistem trading terdiri daripada PETUNJUK YANG UNIK. üî∏Sistem ini dioptimumkan dengan baik.. üî∏Isyarat tepat BELI, MENJUAL dan TUNGGU üî∏Sistem trading yang lebih selamat dan menguntungkan. üí•BUTIRAN PRODUKüí• üî∏Platform: MetaTrader 4 üî∏Bahasa: English üî∏TimeFrames: Semua TimeFrames | Disyorkan pada timeframe M5 And M15 üî∏Waktu trading : Tidak kisah ( Bila-bila sahaja ) üî∏Matawang : Any Pairs | Disyorkan Major Pairs + Indexes üî∏Pembelian termasuk : Indicators + Templates üî∏Lesen: Tidak terhad Penghantaran :penghantaran segera (Email) - Buy 98.90 %WIN Rate PROFITABLE Forex Indicator Trading Systemüî•üî• ( Accurate Signals BUY/SELL )",Software,8669 piece available,RM3.90,,OEM,No Warranty,https://shopee.com.my/98.90-WIN-Rate-PROFITABLE-Forex-Indicator-Trading-System%F0%9F%94%A5%F0%9F%94%A5-(-Accurate-Signals-BUY-SELL-)-i.64334284.6536464303,https://cf.shopee.com.my/file/3e9a11123a8851ab6299b4a9e4691192_tn,"Shopee,Computer & Accessories,Components,Software",https://shopee.com.my/razmanpro?categoryId=174&itemId=6536464303,4.9,185,
„ÄêWindows7~10pro/All Mac/M1/CS6„Äë2017-2021 Easy Install Latest Adobe Versions Software Lifetime Free Update AI PS PR,"Mac (All),Windows (All)","One Software (pm),Full Set Adobe üëç,One Software (pm)","Official Adobe Store (Mac) FREE 1 Software- Final Cut Pro Editing Video Premium (Windows) FREE 1 Software- Wondershare Filmora Editing Video Premium 1) GET ALL ADOBE LATEST SOFTWARE LIFETIME 2) ONE TIME PAYMENT ONLY , EASY TO INSTALLüî• 3) üî• 100% Working !!! STABLE & RELIABLE üî• 4) üî• Ultra High Network Server Download Speed üî•Video Installation Provided 5) ‚Ä¢ [ 2017 - 2021 latest version ] 6) ‚Ä¢ Will keep continue to update 2022 Adobe in future, I send new version to you without paying again! 7) Can access lifetime,.no time limited to download ----------------------------- What do you get with this purchase ‚ùì ‚úÖ Lifetime- Unlimited Installation ‚úÖ Install normally 100% Working !!! ‚úÖ Save up more than USD 200/ YEAR ‚úÖ Can install multiple PC ‚úÖ One time payment ‚úÖ Installer + Video Installation Instruction & Tutorials have been provided ‚úÖ Provide TeamViewer support installation ‚úÖ No expiry date ‚úÖ NOT TRIAL version ‚ö†Ô∏è Compatible with Laptop üíª & PC üñ•Ô∏è / Windows 7/8/8.1/10/10 pro 64 bit ‚úÖ ‚ö†Ô∏è Compatible with Mac all models ‚úÖ ‚ö†Ô∏è Photoshop / Illustrator 32 bit ‚úÖ Ô∏è Ô∏è‚ùóÔ∏è‚ùó Windows 32 bit ‚úÖ Ô∏è‚ùóÔ∏è‚ùó Windows 7 64 bit ‚úÖ Ô∏è‚ùóÔ∏è‚ùó Windows 8 64 bit ‚úÖ Ô∏è‚ùóÔ∏è‚ùó Windows 8.1 64 bit ‚úÖ Ô∏è‚ùóÔ∏è‚ùó Windows 10 64 bit ‚úÖ Ô∏è‚ùóÔ∏è‚ùó Windows 10 pro 64 bit ‚úÖ Ô∏è‚ùóÔ∏è‚ùó MacOS 10.11 (El-Capitan) ‚úÖ Ô∏è‚ùóÔ∏è‚ùó MacOS 10.12 (Sierra) ‚úÖ ‚ùóÔ∏è‚ùó MacOS 10.13 (High Sierra) ‚úÖ ‚ùóÔ∏è‚ùó MacOS 10.14 (Mojave) ‚úÖ ‚ùóÔ∏è‚ùó MacOS 10.15 (Catalina) ‚úÖ ‚ùóÔ∏è‚ùó MacOS 11.0 or Later (Big Sur/M1 Chip) ‚úÖ ----------------------------- Mac üñ•Ô∏èLatest Version Software included : 1)Adobe Acrobat DC 2021 2)Adobe After Effects 3)Adobe Animate 2021 4)Adobe Audition 5)Adobe Bridge 2021 6)Adobe Character Animator 7)Adobe Dimension 2021 8)Adobe Dreamweaver 2021 9)Adobe Illustrator 2021 10)Adobe InCopy 2021 11)Adobe InDesign 2021 12)Adobe Lightroom Classic 2021 12)Adobe Media Encoder 13)Adobe Photoshop 2021 14)Adobe Photoshop Element 2021 15)Adobe Prelude 16)Adobe Premium Element 2021 17)Adobe Premiere Pro 18)Adobe Premiere Rush 2021 19)Adobe XD 2021 20)Adobe Creative Cloud 2021 Windows üñ•Ô∏èLatest Version Software included : 1)Adobe Acrobat DC 2021 2)Adobe After Effects 3)Adobe Animate 2021 4)Adobe Audition 5)Adobe Bridge 2021 6)Adobe Character Animator 7)Adobe Dimension 2021 8)Adobe Dreamweaver 2021 9)Adobe Fresco 2020 9)Adobe Illustrator 2021 10)Adobe InCopy 2021 11)Adobe InDesign 2021 12)Adobe Lightroom Classic 2021 13)Adobe Media Encoder 14)Adobe Photoshop 2021 15)Adobe Photoshop Element 2021 16)Adobe Prelude 17)Adobe Premiere Pro 18)Adobe Premiere Pro Elements 2021 19)Adobe XD 2021 ----------------------------- Once the payment confirmed by Shopee Software will be delivered through Email within 1~5 minutes / Nothing will be posted. If didn't worked, don't worry I will refund your money ~ #Big Surr M1 Chip Supported 2021 #Mac Adobe Full Set (Catalina, Sierra, Mojave, High Sierra, Capitan) #Windows Full Set 7/8/8.1/10/10pro/32bit/64bit - Buy „ÄêWindows7~10pro/All Mac/M1/CS6„Äë2017-2021 Easy Install Latest Adobe Versions Software Lifetime Free Update AI PS PR",Software,"65661 piece available,2325 piece available,73727 piece available","RM9.90,RM29.99,RM9.90","RM10.00,RM69.90,RM10.00",Lifetime Warranty,Supplier Warranty,https://shopee.com.my/%E3%80%90Windows7~10pro-All-Mac-M1-CS6%E3%80%912017-2021-Easy-Install-Latest-Adobe-Versions-Software-Lifetime-Free-Update-AI-PS-PR-i.339112466.8202546241,https://cf.shopee.com.my/file/4d49326d2f12a74ff1a8ad24d62c93bc_tn,"Shopee,Computer & Accessories,Components,Software",https://shopee.com.my/ecobraonlinestore?categoryId=174&itemId=8202546241,5,253,7.5k
Adobe 2021/2020 Lifetime Collection For Win10 Photoshop Lightroom Illustrator Premiere Pro AfterEffects Animate PS PR AI,"Full Bundle,Designer Pack,Photoshop 2021,illustrator 2021,Animate 2021,Bridge 2021,Dreamweaver 2021,InDesign 2021,InCopy 2021,Acrobat,After Effect,Audition,Character Animator,Lightroom Classic,Prelude,Premiere Pro,XD,Media Encoder",Windows 10 (64-bit),"‚úÖ Latest Adobe 2021 Bundleüî•üî•üî• ‚úÖ Safe already scanned with antivirus ‚úÖ Only Windows 10 !!!!! [version 1809 or later] ‚úÖ Please read description Noted: üëâNo Item will be posted out, only digital download will be share by google drive üëâLifetime installer and unlimited installation üëâWindows 10 version 1809 or later (version 1909 recommended) * All screenshot of the software is from ORIGINALLY from our shop and not taken else anywhere tested working! üëâVersion Informationüëà pls read Adobe Photoshop 2021 (Version 22.0.0) Adobe Animate 2021 (Version 21.0) Adobe InCopy 2021 (Version 16.0) Adobe Illustrator 2021 (Version 25.0) Adobe Bridge 2021 (Version 11.0) Adobe InDesign 2021 (Version 16.0) Adobe Dreamweaver 2021 (Version 21.0) Adobe Premiere Elements 2021 (Version 19.0) Adobe Photoshop Elements 2021 (Version 19.0) Adobe Acrobat DC (Version 2020.006.20034) Adobe XD (Version 34.0.12) Adobe After Effects 2020 (Version 17.1.4) Adobe Audition 2020 (Version 13.0.12) Adobe Captivate 2019 (Version 11.5) Adobe Character Animator 2020 (Version 3.4) Adobe Dimension (Version 3.4) Adobe Lightroom Classic (Version 10.0) Adobe Media Encoder 2020 (Version 14.4) Adobe Prelude 2020 (Version 9.0.1) Adobe Premiere Pro (Version 14.5) [[The folder will be shared after Payment Finish]] We will send you the installation guide through shopee chat - Buy Adobe 2021/2020 Lifetime Collection For Win10 Photoshop Lightroom Illustrator Premiere Pro AfterEffects Animate PS PR AI",Software,528 piece available,RM8.80,RM25.00,OEM,Lifetime Warranty,https://shopee.com.my/Adobe-2021-2020-Lifetime-Collection-For-Win10-Photoshop-Lightroom-Illustrator-Premiere-Pro-AfterEffects-Animate-PS-PR-AI-i.339428363.6163566258,https://cf.shopee.com.my/file/e667c87f9c0005adbb1466806a12fba0_tn,"Shopee,Computer & Accessories,Components,Software",https://shopee.com.my/zdmzmall?categoryId=174&itemId=6163566258,5,1.9k,3.6k
Adobe Acrobat Reader 2021 (Adobe Reader DC Pro) | Full Version | Windows & Mac Software 100% Works,OS,"MacOS,Windows",‚ûú This is a Windows and MacOS software. Stable and latest full version. ‚ûú Now can support latest M1 variant Mac and Big Sur OS! ‚ñ™ Windows system requirements: Windows 7/8/8.1/10 ‚ñ™ MacOS system requirements: OS X 10.10 or later. ‚òÖ‚òÖ‚òÖ‚òÖ‚òÖ| 100% Works | Latest 2021 Full Version | Fast Delivery | Lifetime Warranty |‚òÖ‚òÖ‚òÖ‚òÖ‚òÖ ‚úî Please choose the OS according to your needs. (Windows/MacOS) ‚úî This is a cracked full version. Not trial version. ‚úî We have tested and works 100%. ‚úî Lifetime usage else we will replace the product or 100% refund your money! ‚úî Fast delivery via Email/Whatsapp. ‚úî Guaranteed lowest price in the market! ‚úò No CD/hardcopy will be sent out. We will provide digital copy to download. What will you get after payment made? - Super fast direct download link for the software + full instructions to install and activate the software. What will you need to provide during payment? - Kindly provide your Email/Whatsapp number in chat box/order details. How long will you received the download link? - You will receive your order between 1 hour. (Usually between 15minutes)* - Buy Adobe Acrobat Reader 2021 (Adobe Reader DC Pro) | Full Version | Windows & Mac Software 100% Works,Software,"76 piece available,267 piece available","RM2.19,RM3.99",,OEM,Lifetime Warranty,https://shopee.com.my/Adobe-Acrobat-Reader-2021-(Adobe-Reader-DC-Pro)-Full-Version-Windows-Mac-Software-100-Works-i.263380289.8300517272,https://cf.shopee.com.my/file/cd2c6b23df57007483a81380b117bc9f_tn,"Shopee,Computer & Accessories,Components,Software",https://shopee.com.my/mydigital_shop?categoryId=174&itemId=8300517272,4.9,343,630
Adobe Master CC 2021 Collection (Windows10) - Lifetime Full Version,Adobe CC 2021,"Adobe Graphic Pack,All in One",Adobe CC 2021 All Software Latest Version - Windows 10 - Lifetime Subscription - 100% no virus Package Included: ‚úÖ Adobe Photoshop 2021 ‚úÖ Adobe Premiere Pro 2020 ‚úÖ Adobe Illustrator 2021 ‚úÖ Adobe Animate 2021 ‚úÖ Adobe Lightroom Classic ‚úÖ Adobe Dreamweaver 2021 ‚úÖ Adobe InCopy 2021 ‚úÖ Adobe InDesign 2021 ‚úÖ Adobe Bridge 2021 ‚úÖ Adobe Fresco 2021 ‚úÖ Adobe Media Encoder 2020 ‚úÖ Adobe After Effects 2020 ‚úÖ Adobe Audition 2020 ‚úÖ Adobe Character Animator 2020 ‚úÖ Adobe Dimension 2020 ‚úÖ Adobe Prelude 2020 ‚úÖ Adobe Premiere Rush ‚úÖ Adobe XD ‚úî Lifetime installer ‚úî After-Sales service team to support you until successfully work ‚úî 100% guaranteed working or full refund ‚úî Multi-language version ‚úî No Monthly Subscription Fees ‚úî Same Function with Box version ‚úî Multiple User ‚úî Safe and Virus Free by tested before sales ‚úî Detailed installation guide provided ‚úî Easy installation with only a few steps ‚úî Compatible with Windows 10- 64 bit System Requirements: RAM: 4GB Minimum Hard Disk Space: 3GB Minimum Processor: 1.6 GHz or faster processor. Graphic:1280 √ó 800 recommended ‚úâ For shipping: Just leave your email in the chat and we will send you the installation files through EMAIL within 12 hours once we have received the payment from you. - Buy Adobe Master CC 2021 Collection (Windows10) - Lifetime Full Version,Software,"902 piece available,991 piece available","RM3.00,RM2.00",,Lifetime Warranty,Supplier Warranty,https://shopee.com.my/Adobe-Master-CC-2021-Collection-(Windows10)-Lifetime-Full-Version-i.56877112.6761856530,https://cf.shopee.com.my/file/378e6fbbc87a1fa7c92662b5ff84ac1d_tn,"Shopee,Computer & Accessories,Components,Software",https://shopee.com.my/dylantang12345?categoryId=174&itemId=6761856530,4.9,112,219
üî• Udemy Online Course/courses Service Requestüî• | FREE 100% OFF UDEMY,,,"üî•FAST DELIVERY üî• üî•NO VIRUS GUARANTEED üî• üî•100% Quality Assured üî• üî•Lifetime- Unlimited Viewsüî• Send us link/title > we check for availability > proceed for payment > provide us gmail > course will be send via google drive NOTE: ‚úîRefundable ‚úîSome course are unavailable ‚úîBigger files might take time ‚úîContact me before placing order ‚úîDeliver within 12 Hours (Depends on size of the course, some course is up to 30+gb) ‚úîDownload through Google Drives COUPONS (FREE GIFT) ‚úîCoupons will be send out upon request (due its expiry nature) ‚úî100% OFF coupons means u get RANDOM class and to be ENROLL IN UDEMY #udemy #online #course #ebook #ebooks #education #video #cheapest REDEEM YOUR FREE 100% OFF COUPON WITH EVERY PURCHASE RANDOM COUPON TO BE GIVEN OUT APPLICABLE AT UDEMY.COM OR APPLICATION - Buy üî• Udemy Online Course/courses Service Requestüî• | FREE 100% OFF UDEMY",Software,7933 piece available,RM2.22,,Udemy,3 months,https://shopee.com.my/%F0%9F%94%A5-Udemy-Online-Course-courses-Service-Request%F0%9F%94%A5-FREE-100-OFF-UDEMY-i.13601995.5255721413,https://cf.shopee.com.my/file/773696874ce4c4a183bc00d073313557_tn,"Shopee,Computer & Accessories,Components,Software",https://shopee.com.my/joelogy?categoryId=174&itemId=5255721413,5,447,
"üî•Acrobat Pro Dc Can(Edit/Convert,Merge,Combine) Support(Windows/Android/Macbook)Software Pc,Software,Macbook 100% Works!",acrobat pro dc,"Acrobat (Android),Acrobat(Windows),Acrobat(Windows)","üî•Acrobat Pro Dc Can(Edit/Convert,Merge,Combine) Support(Windows/Android/Macbook)Software Pc,Software,Macbook 100% Works! Download link & Instruction will be given to make acrobat pro dc software pc & android lifetime ‚úîcrack version-Preactivated software after finish install ‚úîCan use lifetime use ‚úîCan use unlimited user/pc ‚úî100% safe,virus free ‚úîHave edit & convert functions Importants notes Software Pdf Acrobat 1.Acrobat Pro dc Support (Windows 10/8/7) 2.Acrobat Pro dc support for software android 3.Acrobat Pro DC Android , you will get full unlocked version (can edit,convert,combine,compress) 4.For W7&W8 ,can install acrobat pro dc 2019didnt works if already install antivirus mcafee only. 5.For Windows 10/8 can install acrobat pro dc 2020,Iam provide both version adobe acrobat pro dc. if still didnt worked,100% , dont worry I refund your money ! After Payment,i will give instructions through your shopee chats/email. acrobatprodc,acrobatdc,acrobat,acrobatpro,pdfacrobat,acrobatreader,acrobatreaderdc,acrobatreaderpro,pdfconvertersoftware,computeraccesories,pdftoword,pdfedit,pdfword,pdfeditor,pdfeditorandroid,pdfeditorforipad,pdfeditorformac,pdfeditorforwindow,pdfeditormac,pdfpro,pdfsoftware,macsoftware,pdfeditor,pdfreader,pdfmac,editpdf,pdfconvertersoftware,pdfandroid,acrobatreader,acrobatreaderdc,pdfacrobat,pdfconverter,pdfconvertersoftware,pdfpro,pdftoword,pdftoexcel,pdfviewer,convert,pdftoexcelconverter,convertpdftoword,convertpdftoexce,wordtopdf,mergepdf,combinepdf,computeraccessories,computeraccessoriescomponents,computercomponents,laptopsoftware,pcsoftware,softwarelaptop,softwarepc,macsoftware,macbooksoftware,softwaremac,softwaremacbook,softwarecomputer,softwareformac,app,editor,editorsoftware,software,softwarecomputer,computer,pc,softwarepc,pcsoftware,softwares,acrobatprodcmac,acrobatproforipad,softwareipad,softwareandroid,pdfforandroid,androidpdf,softwareandroidpdf,androidapk,androidapp,androidapps,app,appandroid,acrobatreaderforandroid,acrobatandroid,pdfipad,pdfforipad,pdfandroid,softwareipad acrobatprodc#acrobatdc#acrobat#acrobatpro#pdfacrobat#acrobatreader#acrobatreaderdc#acrobatreaderpro#pdfconvertersoftware#computeraccesories#pdftoword#pdfedit#pdfword#pdfeditor#pdfeditorandroid#pdfeditorforipad#pdfeditorformac#pdfeditorforwindow#pdfeditormac#pdfpro#pdfsoftware#macsoftware#pdfeditor#pdfreader#pdfmac#editpdf#pdfconvertersoftware#pdfandroid#acrobatreader#acrobatreaderdc#pdfacrobat#pdfconverter#pdfconvertersoftware#pdfpro#pdftoword#pdftoexcel#pdfviewer#convert#pdftoexcelconverter#convertpdftoword#convertpdftoexce#wordtopdf#mergepdf#combinepdf#computeraccessories#computeraccessoriescomponents#computercomponents#laptopsoftware#pcsoftware#softwarelaptop#softwarepc#macsoftware#macbooksoftware#softwaremac#softwaremacbook#softwarecomputer#softwareformac#app#editor#editorsoftware#software#softwarecomputer - Buy üî•Acrobat Pro Dc Can(Edit/Convert,Merge,Combine) Support(Windows/Android/Macbook)Software Pc,Software,Macbook 100% Works!",Software,",,","RM11.21,RM10.21,RM17.45",RM25.45,OEM,Lifetime Warranty,https://shopee.com.my/%F0%9F%94%A5Acrobat-Pro-Dc-Can(Edit-Convert-Merge-Combine)-Support(Windows-Android-Macbook)Software-Pc-Software-Macbook-100-Works!-i.379376619.9112098494,,"Shopee,Computer & Accessories,Components,Software",https://shopee.com.my/saiki93?categoryId=174&itemId=9112098494,5,20,33
üî•‚ö°VPN DiGi Unlimited V2 #HIGH SPEED Premium Server | Read Product Details!,"1 BULAN,10 Days",ANDROID,"#digi #vpn #premium #unlimited #digiunlimited #celcom #maxis ‚úÖWAJIB ADA : ‚≠ê SIM DIGI PREPAID PELAN DIGI NEXT ‚≠ê Langganan Plan NEXT 15 ‚≠ê Android sahaja ‚ÄºÔ∏èTAK ADA SALAH SATU ‚òùüèª VPN TAK JALAN ‚ÄºÔ∏è ‚úÖ ID sendiri ( no share ID, auto dc multi login ) ‚ö°UNLIMITED Kuota, data dah 0 pun masih boleh ‚ö° SPEED bergantung pada line kawasan anda. CARA GUNA : 1. Send Username Telegram lepas payment 2. Install apps yg kami send 3. Masukkan id vpn 4. Connect. Done ========================= üî•üî•üî•PROMOSI ID 24 JAM SAHAJA ! üî•üî• SERVER SPECS : ‚ö° Up to 1Gbps port high speed server ‚ö° Server Location = Singapore ‚ö° Private server bukan server public üí´ Hotspot android guna 3rd party apps pdanet+, hotshare, every proxy, vpn2share, etc. (**May not work in some device) IOS x support hotspot vpn. User akan dapat apps vpn khas ( sila send username telegram selepas pembelian ) Terms&Condition : Strictly no refund after order sent as this is digital product. Use at your own risk. By purchasing this item client is agree to our T&C - Buy üî•‚ö°VPN DiGi Unlimited V2 #HIGH SPEED Premium Server | Read Product Details!",Software,10 piece available,RM10.00,RM25.00,No Warranty,No Warranty,https://shopee.com.my/%F0%9F%94%A5%E2%9A%A1VPN-DiGi-Unlimited-V2-HIGH-SPEED-Premium-Server-Read-Product-Details!-i.33493469.5540913882,https://cf.shopee.com.my/file/fb1713e87c6a5e5ca4ea71e339a884c1_tn,"Shopee,Computer & Accessories,Components,Software",https://shopee.com.my/vyner94?categoryId=174&itemId=5540913882,4.9,1.1k,1.7k
üî•Panduan Lengkap Trade Cara Pro by TFS Price Action Trading & Teknik Forex Sebenar [TFSPAT Tutorial E-Video + E-Book],,,"üìåüìåNote : All the product are sent out via digital download link through Shopee message chat/E-mail. No physical item will be posted out. üî•Full Versionüî• üí• TFS PRICE ACTION TRADING & TEKNIK FOREX SEBENAR TUTORIALüí• 27 E-Video & 2 E-BOOK by TFSPAT 27 E-Video Panduan Lengkap Trade Cara Pro dalam Forex by TFS PRICE ACTION TRADING What Inside? (Versi bahasa malaysia with subtitle) 1. Chart Settings 2. Panduan Menbuka Real Acciunt Fxcitizen 3. Panduan Mobile Trading 4. Pending Order 5. Waktu Terbaik Untuk Trade 6. Big Round Number (BRN) 7. Bullish _ Bearish Marubozu (MARU) TFS PRIVATE GROUP 8. Candlestick (1) 9. Candlestick (2) 10. Candlestick(3) 11. SNRZ 12. Trendline - TFS PRIVATE GROUP 13. News Trading _ Analisis Fundamental (1) 14. News Trading _ Analisis Fundamental (2) 15.CS Anomali #1 (1) 16. CS Anomali #1 (2) 17. CS Anomali #2 18. CS Anomali #3 (1) 19. CS Anomali #3 (2) 20. Pukulan Tanpa Bayang (PTB) (1) 21. Pukulan Tanpa Bayang (PTB) (2) 22. Complete Setup TFSPAT (1) 23. Complete Setup TFSPAT (2) 24. Complete Setup TFSPAT (3) 25. SNRZ + CRS + BRN 26. 4 Strategi Trade Management - TFS PRIVATE GROUP 27. Money Management - TFS PRIVATE GROUP üòâPlease leave email through shopee chat, i will proceed as fast as possible. TQ. - Buy üî•Panduan Lengkap Trade Cara Pro by TFS Price Action Trading & Teknik Forex Sebenar [TFSPAT Tutorial E-Video + E-Book]",Software,44% off,RM5.59,RM9.99,OEM,No Warranty,https://shopee.com.my/%F0%9F%94%A5Panduan-Lengkap-Trade-Cara-Pro-by-TFS-Price-Action-Trading-Teknik-Forex-Sebenar-TFSPAT-Tutorial-E-Video-E-Book--i.258242378.3640882188,https://cf.shopee.com.my/file/b1ab334f2c1fb56bca09f01a3b1415f3_tn,"Shopee,Computer & Accessories,Components,Software",https://shopee.com.my/jh109?categoryId=174&itemId=3640882188,5,317,
Elementor Pro (100% Ori Wordpress Website) 2021 Updated Version Best Seller,,,"Current WordPress Version: 5.6 Premium WP Themes and Plugin After Purchase please Join Our Channel to get the latest update and news! https://t.me/ElementorMalaysia What do you get? 1) The latest version of the product 2) 100% Original product and license under GPL 3) Lifetime product 4) Unlimited install for any websites. 5) LIFETIME UPDATE: You will get the update upon request. 6) Elementor Pro gives you access to all the pro plugin except the pro template provided, there's plenty more template provider such as Astra site (we're selling it that also), Envato elements 7) Drop your email after you have made the payment! If you want technical support, please buy this theme or plugin on its official website. Please consider before you make a purchase. Design Beautiful Professional Websites, Without The Pain Why other professionals like you already chose Elementor Pro: ‚úî Superior Workflow ‚úî The Fastest Page Builder In The WordPress Space ‚úî Compatible With Any Theme For Any Purpose ‚úî Customize Any WP Template & Any Page Please note that this license gives you access to all the widget except the Elementor template library === Basic Requirement === 1. Domain - this is your web address, you can purchase it anywhere (ex: exabytes) 2. Hosting - Is your web data. Installation Process: Be sure you have created a FREE Elementor account first before using the plugin in your WordPress Website: https://my.elementor.com/ (Note: The email you use to WordPress site must be similar to Elementor web account) After the account creation of Elementor, just follow this guide: ‚Ä¢ Install and activate ‚Ä¢ Extract the Elementor product downloaded from the link above ‚Ä¢ Install both Elementor 3.1.X .zip and Elementor-Pro 3.0.X .zip ‚Ä¢ Done! It is activated You'll never have to worry about WordPress design ever again. - Buy Elementor Pro (100% Ori Wordpress Website) 2021 Updated Version Best Seller",Software,89 piece available,RM15.00,,Elementor,Lifetime Warranty,https://shopee.com.my/Elementor-Pro-(100-Ori-Wordpress-Website)-2021-Updated-Version-Best-Seller-i.67805221.6504733084,https://cf.shopee.com.my/file/45b3075ee5345bbdb66b46eeeae0f70f_tn,"Shopee,Computer & Accessories,Components,Software",https://shopee.com.my/azmansummer?categoryId=174&itemId=6504733084,5,416,
Funimation Premium Account 100% Original Lifetime Auto Renewal Ultra HD for All Device,Please choose,"Funimation acc only,Funimation + VPN","HD stream and read your favourite anime and manga with PREMIUM Funimation without ADS! üéÅ PLUS GET FREE PREMIUM NORD VPN ACCOUNT UNTIL 2022! Psst..OFFER ARE LIMITED TIME! ONLY AT SHOPEE üòä ‚öôÔ∏èSpecifications : ‚úî Accounts to be purchase are genuine and currently working. ‚úî Premium Plus Subscription ‚úî Simulcast Fresh From Japan ‚úî No more annoying ADS ‚úî Watch in HD ‚úî Auto-renewal ‚úî One time payment ‚úî Lifetime - No Monthly Subcription Fee ‚úî Provide installation support IF NEEDED! ‚úî Compatible with any device ‚úî Safer and no shipping fee! ‚úî No expiry date ‚úî NOT TRIAL version ‚öôÔ∏èFeatures : ‚úîAd-Free access to entire Funimation library when and where available ‚úîSubs and Dubs ‚úî5 Simultaneous streams ‚úîDownload for offline viewing on supported mobile devices ‚úîExclusive members-only events ‚úîMembers-only offers ‚úîAnd many more! =Swipe right picture in ads, then you will know üë®üèº‚ÄçüíªWanna buy? Wanna ask something? Just pm me at chat üöõFor shipping: Once payment is received, the customer will receive an email address or username, and password associated with the Funimation Premium Account. Please give me your GMAIL for sending purpose. üíØWarranty: 100% refundable if not working. Warranty will last for three (3) year since the date of purchase. Any attempts in changing the account's email and password will result in voiding the warranty. Any changes made to the account's details will result in voiding the warranty. - Buy Funimation Premium Account 100% Original Lifetime Auto Renewal Ultra HD for All Device",Software,",","RM6.00,RM3.00",RM30.00,OEM,3 years,https://shopee.com.my/Funimation-Premium-Account-100-Original-Lifetime-Auto-Renewal-Ultra-HD-for-All-Device-i.110055720.4056432524,https://cf.shopee.com.my/file/8905f945cc3ca82e30313adf86606bd1_tn,"Shopee,Computer & Accessories,Components,Software",https://shopee.com.my/nanahira66?categoryId=174&itemId=4056432524,4.9,152,249
Genuine Microsoft Windows 10 /8.1/7 Home Pro Ultimate Digital License Key [FREE MS OFFICE],Options,"Windows 10 Home,Windows 10 Pro,Windows 10 Pro,Windows 10 Pro,Windows 10 Pro,Windows 10 Pro,Windows 10 Pro,Windows 10 Pro",‚úÖ Genuine Windows 10/8.1/7 Pro License Key ‚úÖ Instant Delivery 2-4 Hours ‚úÖ Lifetime Activation For 1 PC/Laptop ‚úÖ Bulk Purchase Support ‚úÖ Latest Update Support From Microsoft ‚úÖ Free Office 365 T&C Applied ‚ùå COA/DVD BOX ‚ùå PIRATED/CRACK VERSION ‚ùå TRIAL AND COPY Inside Our Product Got Option To Choose Windows 7 Home Premium Windows 7 Professional Windows 7 Ultimate Windows 8.1 Professional Windows 10 Professional Windows 10 Home Windows 10 Enterprise Kindly Choose The Correct Version To Purchase After Done Purchase We Will Send The Activation Key And Software Through Shopee Chat. - Buy Genuine Microsoft Windows 10 /8.1/7 Home Pro Ultimate Digital License Key [FREE MS OFFICE],Software,"159874 piece available,19984 piece available,19997 piece available,19998 piece available,19993 piece available,19999 piece available,19994 piece available,19998 piece available","RM0.50 - RM3.40,RM3.40,RM3.40,RM3.40,RM3.40,RM3.40,RM3.40,RM0.50",,Lifetime Warranty,Supplier Warranty,https://shopee.com.my/Genuine-Microsoft-Windows-10-8.1-7-Home-Pro-Ultimate-Digital-License-Key-FREE-MS-OFFICE--i.139760100.3681631711,https://cf.shopee.com.my/file/775aa3eaa1ad442a8341a7a27ca95de0_tn,"Shopee,Computer & Accessories,Components,Software",https://shopee.com.my/dewileeyoe?categoryId=174&itemId=3681631711,4.8,57,81
"Google Team Drives (Unlimited, Lifetime, Use Existing Gmail ID)",Team Drive ,"2 Team Drive,1 Team Drive","Google Team Drives on SALE (Buy one get one free!!!*) Unlimited Space with lifetime usage ‚úî One Time Payment ‚úî Trusted Seller ‚úî Note : A) Team Drives won't integrate with Google Photos. However, you still can upload your photos manually into team drive from desktop web or Google Drive app. B) Team Drives don't work with Google Backup & Sync. All uploads to be done manually through web browser or Google Drive mobile app. I can add either two team drives together in one gmail id or two separate gmail id (Depending on you). Any Questions?Message me and i will be happy to help . *For limited time (Promotion) . Promotion as ended as dated on 20-09-2020 #cheap #google #googledrive #promo - Buy Google Team Drives (Unlimited, Lifetime, Use Existing Gmail ID)",Software,"688 piece available,403 piece available","RM0.50,RM1.00",,Google,No Warranty,https://shopee.com.my/Google-Team-Drives-(Unlimited-Lifetime-Use-Existing-Gmail-ID)-i.47579650.2274741497,https://cf.shopee.com.my/file/116b4b2993f044a4d2b12be05f13829f_tn,"Shopee,Computer & Accessories,Components,Software",https://shopee.com.my/youritstore?categoryId=174&itemId=2274741497,5,1.5k,2.9k
IBM SPSS Statistic 26 [Lifetime],,,"PLS LEAVE YOUR EMAIL ADDRESS AFTER PAYMENT, WE WILL SEND IT TO YOU WITHIN 24 HOURS !!! For Window 64bit/32bit Contents: 1. Software 2. Installation Tutorial (Guidance) Customer could contact us through email or Shopee Chat. We will assist you during the installation process. It is our responsibility to ensure that our customers install the respective program accordingly and appropriately. IBM SPSS 26 essentially designs for Statistics. It is professional software for employed collecting unique and different information from several surveys. Through this product, you can get the advantage is which you could assist decision making in the evaluation of knowledge for finest outcomes. While it is driven accurate conclusion. It also utilized by market scientist, health scientists, survey companies, also the government, education scientists, marketing organization data miners yet others. It is ready to create tables, Charis and cubes of your choice. What's New in SPSS 26? - Adjust the parameters used to simulate the data and compare some of the results. - Compare the metadata document or make case-by-case comparisons of the selected variables. - Design predictive models that help you make better decisions and reduce risks. - SPSS Statistics is a contact in the Java application with the SPSS Statistics output that appears in a Java application. - You can also use Java to control, respond, and integrate program logic into SPSS statistics. - Create a set of copied data based on existing data and identified parameters when the data is insufficient. - Easily import data into IBM SPSS Statistics from Cognos Business Intelligence to increase your analysis. - Improve the accuracy of the analysis by comparing two sets of data or files in the SPSS statistics to determine the differences between them. - Read custom data with or without a filter and import IBM Cognos reports that are already selected. - Use the simulation data as inputs to predict a result. How To Get It? 1. Buy from Shopee 2. Note down your email in a purchase note or Direct Message 3. The link will send to you via email 4. Download and Install !! ‚≠ï JUST ONE CLICK TO INSTALL ‚úî ‚≠ï FULL VERSION ‚úî ‚≠ï üíØ NO VIRUS ‚úî ‚≠ï Fully REFUND if the product does not work - Buy IBM SPSS Statistic 26 [Lifetime]",Software,50% off,RM2.50,RM5.00,3 months,Supplier Warranty,https://shopee.com.my/IBM-SPSS-Statistic-26-Lifetime--i.118185676.4933521308,https://cf.shopee.com.my/file/057a1a0835652a2658b1d874433f036d_tn,"Shopee,Computer & Accessories,Components,Software",https://shopee.com.my/itgalaxy0429?categoryId=174&itemId=4933521308,5,1.2k,
Lifetime VIP Bundle ‚ôæ Storyblocks ‚ö° Envato Elements ‚ö° Freepik ‚ö° EpidemicSound,,,‚ö°All in ONE Bundle‚ö°Storyblocks ‚ö° Envato Elements ‚ö° Freepik ‚ö° Epidemic Sound ‚ö° Unlimited Access Lifetime - -24/7 Automatic Bot - Buy Lifetime VIP Bundle ‚ôæ Storyblocks ‚ö° Envato Elements ‚ö° Freepik ‚ö° EpidemicSound,Software,20% off,RM199.20,RM249.00,OEM,No Warranty,https://shopee.com.my/Lifetime-VIP-Bundle-%E2%99%BE-Storyblocks-%E2%9A%A1-Envato-Elements-%E2%9A%A1-Freepik-%E2%9A%A1-EpidemicSound-i.208954349.7652129390,https://cf.shopee.com.my/file/e9c4d6b384ea886257b5a94aa3549df9_tn,"Shopee,Computer & Accessories,Components,Software",https://shopee.com.my/98angad?categoryId=174&itemId=7652129390,5,124,
Lumion 11 Pro (Lifetime) LiveSync With Sketchup Enable - Include Installation Tutorial,Lumion,"Ver 10.5.1,Ver 11.0.1.9,Ver 11.0.1.9","*** PLEASE NOTE : SOFTWARE WILL BE DELIVERED TO YOU THROUGH SHOPEE MESSAGES/EMAIL, NOTHING WILL BE POSTED *** Win 10 Pro & Enterprise only can use version 11 and 10.5.1, if u using Win 10 home and single language ..request 10.3 from me. Thanks With Lumion 11, available today, realizing your vision for the design has never been easier. New features such as orthographic views reduce the effort needed to create plan and section views full of life, color and your own unique flavor. With animated phasing, you can show how the parts of your building connect and interact, creating a dance and a dialogue with the viewer. Raindrops streak down the glass, volumetric fire casts a soft glow. The grass is softer, the light and shadow are more precise. From a wave of workflow and performance improvements to innovative features that capture the nuances of life, Lumion 11 energizes your professional output, brings joy to the rendering process, and helps you, the architect, focus on what really matters to you. Plan views. Section views. From elevations to isometric. The new orthographic view feature in Lumion 11 lets you embed life, color and texture into all of your technical renderings. Instantly transform your standard documents into polished, one-of-a-kind images and videos, and maintain continuity with your other renderings without having to rely on other software. You can make exciting, lively plans, sections, elevations and isometric views in just a few clicks, and express the simple yet beautiful perspectives of your vision throughout the design process. Begin with a blank landscape. Slowly, trees rise from the ground. The walls of a residential home materialize as if out of thin air, and the living room, bedroom, and kitchen furniture fall into place from the sky. With the new animated phasing effect, you can show the process behind your design‚Äôs development or construction through the power of animation. Apply different transitions, make parts of your building appear and disappear and highlight what makes your building creative and unique. Note *please leave ur email after payment *this is not original no keys will be delivered. *let me know if u want any other template or software. i'll try my best to find it for you. :) - Buy Lumion 11 Pro (Lifetime) LiveSync With Sketchup Enable - Include Installation Tutorial",Software,"995 piece available,100 piece available,100 piece available","RM15.00,RM7.90,RM7.00",,No Brand,Lifetime Warranty,https://shopee.com.my/Lumion-11-Pro-(Lifetime)-LiveSync-With-Sketchup-Enable-Include-Installation-Tutorial-i.36661089.3415981251,https://cf.shopee.com.my/file/2b5286cec73e7be8106542e4ec79edad_tn,"Shopee,Computer & Accessories,Components,Software",https://shopee.com.my/junway86?categoryId=174&itemId=3415981251,4.9,579,1.3k
Microsoft Windows 10 Home English 64-Bit OEM - USB EDITION,,,- Buy Microsoft Windows 10 Home English 64-Bit OEM - USB EDITION,Software,2661 piece available,RM149.00,,Microsoft,Lifetime Warranty,https://shopee.com.my/Microsoft-Windows-10-Home-English-64-Bit-OEM-USB-EDITION-i.354219231.4868854086,,"Shopee,Computer & Accessories,Components,Software",https://shopee.com.my/viewtech?categoryId=174&itemId=4868854086,4.9,12,
Movavi Video Editor Plus 2021 v21.1.0 FULL VERSION Software,Shipping,"Video Suite,Video Editor Plus","Movavi Video Editor Plus 2021 v21.1.0 FULL VERSION Software *This is NOT Product Key *This is NOT working for MacOS Suite Features included: - Edit Video - Convert Video - Record Computer Screen - Create Slideshows - Movavi Photo Editor Do you have a lot of videos and photos of travel that you can not wait to share with your loved ones? Want to make a film about an important event - for example, a wedding or graduation? With Movavi Video Editor you can create an exciting video yourself, even if you are new to video editing! In our user-friendly video editing application, there are no complicated settings, and all effects are added simply by dragging. Download Video Editor and edit your first movie! Movavi Video Suite is an all-in-one video maker: an editor, converter, screen recorder, and more. Perfect for remote work and distance learning. Read more: https://www.movavi.com/suite/?asrc=main_menu#main Package will be included: ‚úî Lifetime - Unlimited Installation ‚úî Digital Download Only ‚úî No Monthly Subscription Fee ‚úî Save up more than USD 200/ YEAR ‚úî Multiple User & Virus Free ‚úî Installation guide provided! ‚úî Compatible with Windows 7/ 8/ 10 - 64 bit ‚úî Safer and no shipping fee! ‚úî Enjoy the same quality of the box version! No different! ‚úî 100% have same function with box version! Welcome to visit & contact us for have any further. Note: 1. After payment please amend your email on notes or drop a message to us, we will send to you as soonest! 2. Do not share link with the others. Only your email able to access to it! - Buy Movavi Video Editor Plus 2021 v21.1.0 FULL VERSION Software",Software,"1000 piece available,998 piece available","RM4.99,RM5.99",,OEM,No Warranty,https://shopee.com.my/Movavi-Video-Editor-Plus-2021-v21.1.0-FULL-VERSION-Software-i.166829509.2595996610,https://cf.shopee.com.my/file/c4ab0b9ebeab17455c96b6f3b0a514b1_tn,"Shopee,Computer & Accessories,Components,Software",https://shopee.com.my/softstorage?categoryId=174&itemId=2595996610,5,1.2k,2k
MS OFFICE 365/2019/2016/2013/Visio/Project Pro Plus Key Lifetime,VERSION,"OFFICE 365,OFFICE 2019,OFFICE 2019,OFFICE 2019,OFFICE 2019,OFFICE 2019,OFFICE 2019,OFFICE 2019,OFFICE 2019","This is Genuine Download from Official Website. 100% Legit and No problem Unlike other seller give ""random"" installer to download, risk your devices. ‚úÖGenuine Version : Download from Official Website. Microsoft Office Account will be provided. Scroll the picture to know more / PM us for more details ! ‚úÖ Compatible with all devices (IOS can, Android can, Windows can, Mac can) ‚úÖ After Sales service team to support you until successfully work ‚úÖ 100% guaranteed working or full refund ‚úÖ Multi-language version ‚úÖ No Monthly Subscription Fees ‚úÖ Same Function with Box version ‚úÖ Detailed installation guide provided ‚úÖ Easy installation with only few steps 1-WORD 2-EXCEL 3-POWERPOINT 4-OUTLOOK 5-ONE NOTE 6-PUBLISHER (mac user dont have ) 7-ACCESS (mac user dont have) ‚úî100% GUARANTEE If the activation key CANNOT be installed, we will replace with new license key or 100% refund your money ! Please take note: for mac user please take office 365 - for mac never can use for visio and project office 2019 only work for windows 10 - Buy MS OFFICE 365/2019/2016/2013/Visio/Project Pro Plus Key Lifetime",Software,",,,,,,,,","RM18.00,RM18.00,RM12.00,RM8.00,RM8.00,RM8.00,RM10.00,RM10.00,RM8.00",RM25.00,OEM,No Warranty,https://shopee.com.my/MS-OFFICE-365-2019-2016-2013-Visio-Project-Pro-Plus-Key-Lifetime-i.379559871.8815237740,https://cf.shopee.com.my/file/63ed280182a56912003f755cae3f73be_tn,"Shopee,Computer & Accessories,Components,Software",https://shopee.com.my/shevo.digitalxd?categoryId=174&itemId=8815237740,5,122,183
"NEW 20/21 HD 4K MOVIE BETTER THAN NETFLIX, HULU, IFLIX, DISNEY +, AMAZON PRIME",Android,"Android Box,Android Phone,Android Phone,Android Phone","LIFETIME 4KHD STREAMING APP ***NOTED*** *This is not Netflix, Hulu, Iflix, Disney+, Amazon Prime *Mod of app with various movie/tv show from all over internet. Ps: This is Open Source Version for 4k, if you more real deal. Come check out my shop. Operation Hours: 8.00 AM ‚Äì 1.00 AM **To get fast reply, please chat within this hours. Trusted sellerüíØ - Buy NEW 20/21 HD 4K MOVIE BETTER THAN NETFLIX, HULU, IFLIX, DISNEY +, AMAZON PRIME",Software,"655 piece available,650 piece available,977 piece available,884 piece available","RM1.00,RM2.00,RM0.99,RM1.50",,Netflix,No Warranty,https://shopee.com.my/NEW-20-21-HD-4K-MOVIE-BETTER-THAN-NETFLIX-HULU-IFLIX-DISNEY-AMAZON-PRIME-i.182894755.7850770806,https://cf.shopee.com.my/file/a1a0c6390dfa3df6a1510f60ce9621d1_tn,"Shopee,Computer & Accessories,Components,Software",https://shopee.com.my/suffah.network?categoryId=174&itemId=7850770806,4.9,538,822
Nitro Pro Enterprise 13 2019 32/64Bit Full Version (Pdf Editor) (100% Working),Shipping,,"Please send your email address to get your download link within 24 Hours.**** Product: Nitro Pro Enterprise 12 2019 Latest Full Version (Pdf Editor) Access Type: Single-user Authorized Usage: Unlimited personal devices*** Term: Lifetime License Type : Fully Activated OS: Windows 7, 8, 8.1, 10. Description : Nitro Pro - a powerful set of tools with which you can perform the full range of actions for creating and editing PDF files. You can perform file processing in batch mode, convert files from more than three hundred formats to PDF, merge several files into one, scan documents directly to PDF. You can export files from office applications, such as Microsoft Word, PowerPoint and Excel. If necessary, you can encrypt the contents of the created files with a high degree of protection (40 or 128 bits). The application is almost a full powerful and functional alternative to the popular Adobe Acrobat and has everything you need to create documents of any complexity in PDF format. **If any help needed while installing full guidance will be given.Worry Free + Free Gift (android pdf editor pro)** <iframe width=""560"" height=""315"" src=""https://www.youtube.com/embed/q4RoJlL-KUA"" frameborder=""0"" allow=""accelerometer; autoplay; encrypted-media; gyroscope; picture-in-picture"" allowfullscreen></iframe> - Buy Nitro Pro Enterprise 13 2019 32/64Bit Full Version (Pdf Editor) (100% Working)",Software,198 piece available,RM4.90,,Nitro,Lifetime Warranty,https://shopee.com.my/Nitro-Pro-Enterprise-13-2019-32-64Bit-Full-Version-(Pdf-Editor)-(100-Working)-i.26539883.2286455786,https://cf.shopee.com.my/file/f3bf6be9c03adade3083d23b2da2aba4_tn,"Shopee,Computer & Accessories,Components,Software",https://shopee.com.my/ar_techit?categoryId=174&itemId=2286455786,4.9,755,
PAINT TOOL SAI 2 FULL VERSION [32/64 bit] UPDATED 2020 BEST DRAWING SOFTWARE PROGRAM,,,PAINT TOOL SAI 2 FULL VERSION [32/64 BIT] + ADDITIONAL FREE CUSTOM BRUSH SETTINGS LATEST 2020 VERSION UPDATED ! [ENGLISH VERSION] ‚ú® Download file will be delivered once you make the payment~! üòâ + Permanent use (With license) + Easy to download + Unlimited reinstall/usage + Beginner Friendly :) + Cheapest + Compatible with drawing tablet/pad + Portable = Can install to every pc you own! + 100% Full features + 100% Working File size: 74.7MB * Instructions + Download link will be sent through email * [Internet connection is required to download the file] -- PM me your email in advance Thank you~! üòä -- System requirements: Minimum Requirement: (2000x2000px) Computer: IBM PC compatible computer OS: Windows 2000/XP/Vista/7/8/8.1/10 CPU: Core 2 Duo 1.6GHz Memory: More than 1GB HDD: More than 20GB free space Video: 1024x768 - 24bit Color Input Device: Pen Tablet (WinTab API and TabletPC API are Supported) - Buy PAINT TOOL SAI 2 FULL VERSION [32/64 bit] UPDATED 2020 BEST DRAWING SOFTWARE PROGRAM,Software,813 piece available,RM3.00,,No Brand,No Warranty,https://shopee.com.my/PAINT-TOOL-SAI-2-FULL-VERSION-32-64-bit-UPDATED-2020-BEST-DRAWING-SOFTWARE-PROGRAM-i.284870720.3542286259,,"Shopee,Computer & Accessories,Components,Software",https://shopee.com.my/dokkaeri?categoryId=174&itemId=3542286259,5,149,
PowerDirector Ultimate 18 [Full Version],Shipping,,"Disclaimer: No product or item will be shipped out. We only provide download link or credentials via email or shopee chat or whatsapp based on the product. Why Choose Us? ‚úÖWe Software Streets, we tested before we sell. We mean it, we guarantee it. ‚úÖExperienced live-chat support. We know what we are doing, we know what we selling, and what we should provide ‚úÖRemote Desktop Error Troubleshooting! When things goes bad, we will remote your PC using Team Veiwer / AnyDesk and help to resolve it for you ‚úÖNeed more reason? We sell at best price, not overprice. ‚úÖWhy so less products? The lesser the product, the better can control the quality of the software instead of just selling it and provide unstable software. ‚úÖFast cloud drive download, we do not sell torrent link. Send Via : Email File Size : 802MB Extra Notes: - Windows 10 64bits Only - Other windows please ask before purchase. - Leave your email, whatsapp num (based on how we send) in chat after payment, we will process and notify you once done. - Buy PowerDirector Ultimate 18 [Full Version]",Software,377 piece available,RM3.99,,OEM,No Warranty,https://shopee.com.my/PowerDirector-Ultimate-18-Full-Version--i.3810077.7357428785,,"Shopee,Computer & Accessories,Components,Software",https://shopee.com.my/softwarestreets?categoryId=174&itemId=7357428785,4.9,23,
PowerPoint Slides with 2200 Infographics Templates,,,"Product Description PowerPoint Slides with 2200 Infographics Templates Infographics are simply great to create graphic visual representations of information, data, or knowledge intended to present information quickly and clearly. What will you find in these slides? We have added a lot of different types of infographics format from timelines, charts, goals, organizational, shapes and more‚Ä¶ You choose! Their designs are varied, so you can select your own one depending on the purpose: school, business, marketing. Features of these infographics ‚úÖInfographic templates with plenty of design types ‚úÖ100% editable and easy to modify ‚úÖ2200 different infographics templates to boost your presentations ‚úÖDesigned to be used in Google Slides, Microsoft PowerPoint and Keynote ‚úÖ16:9 widescreen format suitable for all types of screens Payment and delivery; 1) The Google Drive Link for you to download will be emailed to you as soon as possible after payment has been confirmed. 2) Pls provide your email address as soon as possible. 3) Feel free to use shopee chat system for more info before purchasing. üòçFree Updates #powerpoint @templates #ebook #ebookmurah #ebookmalaysia #ebookviral #ebookreader #ebooklearning #bukumurah #buku #bukuonline #bukumotivasi #bukubestseller #bukumalaysia - Buy PowerPoint Slides with 2200 Infographics Templates",Software,60% off,RM4.00,RM10.00,Microsoft,No Warranty,https://shopee.com.my/PowerPoint-Slides-with-2200-Infographics-Templates-i.127808268.5855780262,,"Shopee,Computer & Accessories,Components,Software",https://shopee.com.my/miraclegold.net?categoryId=174&itemId=5855780262,5,1,
POWTOON PRO+ Create Awesome Videos & Presentations with POW TOON - Big Express,Duration,"3 month,1 month","Create Awesome Videos & Presentations It's Quick and it's Easy Once payment is received, the customer will receive an email address or username, and password associated with the POWTOON PRO+ Account. Account(s) to be purchase are genuine and currently working. The POWTOON PRO+ Account can be used in any country. Warranty will last for three (3) months since the date of purchase for 3-month subscription purchases. Warranty will last for six (6) months since the date of purchase for 6-month subscription purchases. Warranty will last for nine (9) months since the date of purchase for 9-month subscription purchases. Warranty will last for twelve (12) months since the date of purchase for 12-month subscription purchases. Warranty will last for twenty-four (24) months since the date of purchase for 24-month subscription purchases. Any attempts in changing the account's email and password will result in voiding the warranty. Any changes made to the account's details will result in voiding the warranty. #assignment #course #university #college #uni #student #study #homework #proofread #editing #turnitin #grammar #scribd #microsoft #grammarly #premium #assignments #powtoon - Buy POWTOON PRO+ Create Awesome Videos & Presentations with POW TOON - Big Express",Software,"31 piece available,139 piece available","RM29.00,RM87.00",,OEM,Lifetime Warranty,https://shopee.com.my/POWTOON-PRO-Create-Awesome-Videos-Presentations-with-POW-TOON-Big-Express-i.155268159.6837721684,https://cf.shopee.com.my/file/cdffe79fd55bf54c981e25ca87bb258c_tn,"Shopee,Computer & Accessories,Components,Software",https://shopee.com.my/bigexpress?categoryId=174&itemId=6837721684,4.9,636,1.1k
Scribd Premium Account Blinkist Premium LIFETIME access FREE Grammarly,option,"2in1 Bundle + 1 Free,Scribd","Scribd Premium Account Blinkist Premium LIFETIME access FREE Grammarly Scribd is an e-book and audiobook subscription service that includes one million titles. Scribd hosts 60 million documents on its open publishing platform Blinkist provides summaries of more than 2,500 bestselling non-fiction books These are the LIFETIME premium access account, it's a premium account that auto-renew the license and able to use for LIFETIME. PURCHASE SCRIBD and BLINKIST For getting GRAMMARLY for FREE! STEP ‚úîÔ∏èOnce purchase the items, PM us with your order details ‚úîÔ∏èWe will send the account info through chat or email ‚úîÔ∏èLogin using the info that we provide, enjoy :) NOTE ‚ö†Ô∏èWarranty will be 6 months start from the date of purchase ‚ö†Ô∏èDo not change the account info ‚ö†Ô∏èThis is a shareable account - Buy Scribd Premium Account Blinkist Premium LIFETIME access FREE Grammarly",Software,"18 piece available,22 piece available","RM2.00,RM2.00",,OEM,No Warranty,https://shopee.com.my/Scribd-Premium-Account-Blinkist-Premium-LIFETIME-access-FREE-Grammarly-i.33620306.3171258562,https://cf.shopee.com.my/file/1e4c36e418b6fec52698b4a74d8920ac_tn,"Shopee,Computer & Accessories,Components,Software",https://shopee.com.my/veclegend?categoryId=174&itemId=3171258562,5,156,340
Scribd Unlimited Lifetime Premium + 3 Years Warranty,Shipping,,"1. [ PRODUCT ] ------------------------ üëâ Scribd Unlimited Lifetime Premium Account + 3 Years Warranty. .:. You will get an Email address and Password of a Scribd account with a premium subscription, which is genuine and currently working. .:. This account can be used in the website, app, software.) 2. [BENEFIT OVERVIEW OF GRAMMARLY ] ------------------------------------------------------------------- ‚úÖ Read thousands of professionally published, popular books in a wide variety of genres. ‚úÖ Full access to millions of user-contributed written works such as short stories and essays. ‚úÖ Unlimited eBook reading & download to your device. ‚úÖ Download many member-contributed documents as DRM-free PDF files for printing or reading offline. ‚úÖ Free of advertisements! ‚úÖ Access to Scribd Perks, a selection of services included at no additional cost. For instance: a) MUBI: Curated Cinema - Watch cult, classic, independent, and award-winning films from around the world. b) Farfaria: Read Aloud Story Books for Kids - Unlimited read-to-me children's storybooks & bedtime stories for kids ages 1-9. 3. [ WARRANTY NOTICE ] ---------------------------------------- üëâ Your Warranty covers the whole three (3) Year from the date of purchase. üëâ If the Grammarly Premium Account cannot be use, we will replace with new account for you. FREE. 4. [PLEASE READ OUR ""TERM OF SERVICE"" BEFORE YOU PURCHASE ] ---------------------------------------------------------------------------------------------------------------- ‚ôê This is a Shared Scribd Premium Account (not an individual account). ‚ôê Therefore, you are not allowed to change account details (account's name, e-mail, password, buy subscription, payment, credit card, etc.). ‚ôê Any changes made to the account's details will result in voiding the warranty. 5. [ WHY IS THE PRICE SO LOW ? ] ------------------------------------------------------ üëâ This is because this is a shared account. We want to share with people that need best price. That is why you are paying in cheap price. 6. [DELIVERY] ---------------------- - This product is a digital copy; no physical disc will be shipped. - Once payment is received, account detail will be sent through Shopee chat message, - We usually deliver it between 5 minutes to 1 hour. 7. [ OTHER QUESTIONS ? ] ------------------------------------------ üëâ If you have any other question feel free to message us, We will be more than happy to help. #ebook #scribd #download #document #unlimited #student #lecturer #academician #University #Study #Assignment #subscription #cheap #cheapest - Buy Scribd Unlimited Lifetime Premium + 3 Years Warranty",Software,50% off,RM3.00,RM6.00,OEM,3 years,https://shopee.com.my/Scribd-Unlimited-Lifetime-Premium-3-Years-Warranty-i.165017814.5915920135,https://cf.shopee.com.my/file/17e04b4517638b48f32bc120702668aa_tn,"Shopee,Computer & Accessories,Components,Software",https://shopee.com.my/premiumjust4u?categoryId=174&itemId=5915920135,5,1k,
SketchUp Pro 2020 [Full Lifetime Installation],,,System requirement: - Operating System: Windows 7 SP 1 / 8 / 8.1 / 10. - Memory (RAM): 2 GB of RAM required. - Hard Disk Space: 300 MB of free space required. - Processor: Intel Dual Core processor or later. Version: 20.0.363 = File size: 265MB = Fully self tested as in video guide included. = Please provide Google mail address right after purchase. = No shipping process. Google Drive link will be send to customer after purchase. = Installation Guide (video) also included. = Kindly chat me for any question. (You can also can request any software you want) = Visit my store for more software with only RM1! - Buy SketchUp Pro 2020 [Full Lifetime Installation],Software,25 piece available,RM1.00,,No Warranty,No Warranty,https://shopee.com.my/SketchUp-Pro-2020-Full-Lifetime-Installation--i.117909910.5049562037,https://cf.shopee.com.my/file/322abe1d46b58c9c9fe510bb129e60a0_tn,"Shopee,Computer & Accessories,Components,Software",https://shopee.com.my/yadhbil?categoryId=174&itemId=5049562037,5,159,
SketchUp Pro 2021 (x64) + V-ray 5 + Enscape 2.9 | Can Access Warehouse - Full Version,Sketchup ,"Sketchup 2020 + Vray,Sketchup 2019 + Vray,Sketchup 2019 + Vray,Sketchup 2019 + Vray,Sketchup 2019 + Vray,Sketchup 2019 + Vray,Sketchup 2019 + Vray,Sketchup 2019 + Vray,Sketchup 2019 + Vray,Sketchup 2019 + Vray","*** PLEASE NOTE : SOFTWARE WILL BE DELIVERED TO YOU THROUGH SHOPEE MESSAGES/EMAIL, NOTHING WILL BE POSTED *** Sketchup 21 Complete Including : 1)Sketchup 2021 2)V-ray 5 3) Enscape 2.8 for Sketchup 21 Sketchup 20 Complete Including 1)Sketchup 2020 2)V-ray 4 3) Enscape 2.8 for Sketchup 20 Sketchup 21 Ultimate 1)Sketchup 2021 2)V-ray 5 3) Enscape 2.8 for Sketchup 21 4) Thea SketchUp is useful from the earliest stages of design to the end of construction. Programming, diagramming, design development, detailing, documentation, RFIs‚Äîwherever you need drawings, you need SketchUp Pro. Get good, fast Whoever asked for complicated CAD software? SketchUp is hands-down the most intuitive and easy-to-learn 3D drawing tool around. Think by drawing in 3D We designed SketchUp to behave like an extension of your hand, so you can draw whatever you want, however you want. Create accurate, highly-detailed models SketchUp is accurate to a thousandth of an inch, so you can design, specify, and plan with as much or little detail as you need. Produce scaled, accurate drawings SketchUp isn‚Äôt just for 3D models. Draw plans, elevations, details, title blocks and a lot more with LayOut. When your model changes, so does your document. Simple. Generate presentation documents With LayOut, you‚Äôre equipped for page design, drafting, vector illustration and slide presentations: everything you need to explain everything. Create compelling walkthroughs Use SketchUp Pro to turn your models into animated walkthroughs and flyovers that explain every detail. Find a 3D model of anything 3D Warehouse is the world‚Äôs largest repository of free 3D models, and it works seamlessly with SketchUp. That means entourage, furniture, equipment, case work, the entire kitchen sink (literally) is all handy in a few clicks. Find a model from a trusted manufacturer With manufacturer partners like Herman Miller, Formica, Thermador and many others, we‚Äôre working to make 3D Warehouse the best place on the web to find a model of a specific, real-world object. Now when you specify an oven for a kitchen, you can be sure you‚Äôre working with accurate geometry, not to mention beautiful models. Present on any device When you upload your models to 3D Warehouse, it‚Äôs easy to pull them down onto your phone or tablet using the SketchUp Mobile Viewer app. Then, get hands on with clients and collaborators wherever, however you‚Äôd like. Model and Document With LayOut, insert SketchUp model views wherever you want on the pages of your document. These ‚Äúviewports‚Äù are living, breathing views of your project. When your model changes, all of your viewports update, too. Say goodbye to exporting a million images out of SketchUp. Note *please leave ur email after payment *this is not original no keys will be delivered. - Buy SketchUp Pro 2021 (x64) + V-ray 5 + Enscape 2.9 | Can Access Warehouse - Full Version",Software,"436 piece available,772 piece available,608 piece available,466 piece available,943 piece available,953 piece available,96 piece available,74 piece available,36 piece available,100 piece available","RM3.50,RM3.90,RM7.90,RM5.00,RM5.00,RM3.90,RM5.00,RM8.90,RM10.90,RM9.90",,No Brand,Lifetime Warranty,https://shopee.com.my/SketchUp-Pro-2021-(x64)-V-ray-5-Enscape-2.9-Can-Access-Warehouse-Full-Version-i.36661089.2471487996,https://cf.shopee.com.my/file/126f2134fd0aebcbc678bb68c7c6327f_tn,"Shopee,Computer & Accessories,Components,Software",https://shopee.com.my/junway86?categoryId=174&itemId=2471487996,4.9,505,1.1k
SketchUp Pro 2021 + Vray 2021 [Full Version & Install Video Tutorial],Shipping,,"Disclaimer: No product or item will be shipped out. We only provide download link or credentials via email or shopee chat or whatsapp based on the product. Why Choose Us? ‚úÖWe Software Streets, we tested before we sell. We mean it, we guarantee it. ‚úÖExperienced live-chat support. We know what we are doing, we know what we selling, and what we should provide ‚úÖRemote Desktop Error Troubleshooting! When things goes bad, we will remote your PC using Team Veiwer / AnyDesk and help to resolve it for you ‚úÖNeed more reason? We sell at best price, not overprice. ‚úÖWhy so less products? The lesser the product, the better can control the quality of the software instead of just selling it and provide unstable software. ‚úÖFast cloud drive download, we do not sell torrent link. Send Via : Email Whatsapp Shopee Chat File Size : 1GB Below Extra Notes: - Windows 10 64bits Only - Other windows please ask before purchase. - Leave your email, whatsapp num (based on how we send) in chat after payment, we will process and notify you once done. - Buy SketchUp Pro 2021 + Vray 2021 [Full Version & Install Video Tutorial]",Software,1472 piece available,RM5.00,,OEM,1 month,https://shopee.com.my/SketchUp-Pro-2021-Vray-2021-Full-Version-Install-Video-Tutorial--i.3810077.4934459565,https://cf.shopee.com.my/file/ebbf8617e7a258a3242e0311698100c0_tn,"Shopee,Computer & Accessories,Components,Software",https://shopee.com.my/softwarestreets?categoryId=174&itemId=4934459565,5,1.6k,
SPSS Statistics v26 [Full Ver],Shipping,"Mac,Windows","Noted: No Item will be posted out, only digital download will be sent through shopee message chat/email WHY BUY FROM ME? üòç INSTALLATION VIDEO TUTORIAL INCLUDED ‚úÖWe Software Streets, we tested before we sell. We mean it, we guarantee it. ‚úÖExperienced live-chat support. We know what we are doing, we know what we selling, and what we should provide ‚úÖRemote Desktop Error Troubleshooting! When things goes bad, we will remote your PC using Team Veiwer / AnyDesk and help to resolve it for you ‚úÖNeed more reason? We sell at best price, not overprice. ‚úÖWhy so less products? The lesser the product, the better can control the quality of the software instead of just selling it and provide unstable software. ‚úÖFast cloud drive download, we do not sell torrent link. File Size : 2.5GB Below Extra Notes: - Windows 10 64bits Only - Other windows please ask before purchase. - Leave your email, whatsapp num (based on how we send) in chat or note after payment, we will process and notify you once done. - Buy SPSS Statistics v26 [Full Ver]",Software,"338 piece available,423 piece available","RM6.00,RM6.00",,OEM,1 month,https://shopee.com.my/SPSS-Statistics-v26-Full-Ver--i.3810077.7414621500,https://cf.shopee.com.my/file/91b822d8d38504d849d90b99c10e7539_tn,"Shopee,Computer & Accessories,Components,Software",https://shopee.com.my/softwarestreets?categoryId=174&itemId=7414621500,5,3.2k,6.1k
Udemy Online Course Request Service üî•,Shipping,,"ùó®ùó±ùó≤ùó∫ùòÜ ùó¢ùóªùóπùó∂ùóªùó≤ ùóñùóºùòÇùóøùòÄùó≤ ùó•ùó≤ùóæùòÇùó≤ùòÄùòÅ Courses Provided are Lifetime Accessible 100% Virus Free Fast Delivery ùóõùóºùòÑ ùòÅùóº ùó¢ùóøùó±ùó≤ùóø ? 1. Send us the Course Title or URL before Placing Order 2. We will check the availability of the course 3. If Availability ‚úÖ, Place order and complete payment 4. Provide us your Gmail and We will send the course through Google Drive ùó°ùóºùòÅùó≤ùòÄ *Not all courses are available *Programming Courses has bigger size, hence takes longer time *Deliver within 12 Hours (Depends on Course Size) *Buyers can request for Free 100% OFF Coupons that are applicable in Udemy.com and obtain certificates #udemy #online #course #request #service #cheapest #ebook #video - Buy Udemy Online Course Request Service üî•",Software,728 piece available,RM1.49,,Udemy,Lifetime Warranty,https://shopee.com.my/Udemy-Online-Course-Request-Service-%F0%9F%94%A5-i.9067206.6373291227,https://cf.shopee.com.my/file/4b3672fb40bc22c187f96e763f953cd1_tn,"Shopee,Computer & Accessories,Components,Software",https://shopee.com.my/tps.tech?categoryId=174&itemId=6373291227,5,77,
Unlimited Google Team Drives (For Your Existing Google drive Account),,,"GOOGLE TEAM DRIVE UNLIMITED CHEAPER AND RELIABLE * Please leave your Gmail address on order remark or massage us after purchase to speed registration process * FEATURES No need to register a new email. Use your current Gmail address to access Payment ONCE, NO monthly fees, UNLIMITED storage and LIFETIME Highest privacy, peace of mind. No one can see and access what you have uploaded. Group drives set to only accessible by you by default. It can be shared between friends and family through sharing settings. WHY PURCHASE WITH ME? Fast reply before and after-sales Account setup instantly we selling cheap!!! Please Read Before Purchase 1.) This package comes with 1 drive with unlimited storage space, a one-time payment, no monthly or annual fees and lifetime access. 2.) Team Drives will not merge with your current 15 GB free Google Drive memory. It is a completely separate storage set linked to your Gmail address. 3.) Team Drives will not integrate with Google Photos. However, you can still manually upload your photos to the group from the web on the desktop or Google Drive application. 4.) Team Drives/Shared Drives do not work with Google Backup & Sync. All uploaded videos will be done manually via a web browser or Google Drive mobile application. 5.) Can not share Folder, you only can add a member to share your stuff. 6.) To share your files uploaded to the group drive with others, you must add their gmail address via the ""+ Add member"" link inside the group drive. 7.) Can share specific files, however, you need to configure advanced sharing settings for each file. 8.) Team Drives associated with your account does not affect your current account in any way because the group drives are in our Google account. Files uploaded to the group drive will be stored in our Google account. Even so, the Team Drives/Shared Drives only allow email to be listed in member settings. 9.) Refund or Return is NOT applied after the group has been designated - Buy Unlimited Google Team Drives (For Your Existing Google drive Account)",Software,71% off,RM10.00,RM35.00,TeamDrive,3 months,https://shopee.com.my/Unlimited-Google-Team-Drives-(For-Your-Existing-Google-drive-Account)-i.129712441.7807777460,,"Shopee,Computer & Accessories,Components,Software",https://shopee.com.my/que.izyan?categoryId=174&itemId=7807777460,4.9,57,
VIU LIFETIME PREMIUM VIP ACCOUNT - üî•2020 LATEST VERSIONüî• ( FOR ANDROID ONLY ),PERIOD,,"2020 LATEST VERSION WITH CHEAPEST PRICE !!! VIU latest premium version üî• ( FOR ANDROID ONLY ) Features: ‚úîPremium access ‚úîNo ads ‚úîFULL HD ‚úîFast release ( as fast as after 4 hours original telecast with subtitles ) ‚úîMulti-languages subtitle ( Chinese, Malay, English and etc ) ‚úîCant download ‚úîVariety of Korean and Asian content ‚úîLatest drama & movie updated and many more..... ENJOY YOUR SHOW üòÑüòÑ - Buy VIU LIFETIME PREMIUM VIP ACCOUNT - üî•2020 LATEST VERSIONüî• ( FOR ANDROID ONLY )",Software,30 piece available,RM0.69,,OEM,No Warranty,https://shopee.com.my/VIU-LIFETIME-PREMIUM-VIP-ACCOUNT-%F0%9F%94%A52020-LATEST-VERSION%F0%9F%94%A5-(-FOR-ANDROID-ONLY-)-i.72751857.6462966642,https://cf.shopee.com.my/file/975668da1956ae0afe77570900e1b9c4_tn,"Shopee,Computer & Accessories,Components,Software",https://shopee.com.my/cloudsolution?categoryId=174&itemId=6462966642,4.9,179,
Whatsender Pro [Latest February 2021 Version] | Whatsapp Bulk Sender | Whatsapp Blaster | Whatsapp Business Sender,,,"‚ûú This is a Windows software. Stable and latest full version. ‚ûú Due to the previous WhatSender out of date, we developed a new software. Currently the only working Whatsapp Bulk Sender in the market! ‚ûú Additional function: Auto Reply Whatsapp Messages 24x7 ‚ñ™ System requirements: Windows 7/8/8.1/10 ‚ñ™ If you want run this on your MacOS, please Shopee Chat me for more details. ‚òÖ‚òÖ‚òÖ‚òÖ‚òÖ| 100% Works | Latest 2021 Full Version | Fast Delivery | Lifetime Warranty |‚òÖ‚òÖ‚òÖ‚òÖ‚òÖ ‚úî Send Whatsapp messages to multiple number without saving any number in contacts! ‚úî This is a cracked full version. Not trial version. ‚úî We have tested and works 100%. ‚úî Lifetime usage else we will replace the product or 100% refund your money! ‚úî Fast delivery via Email/Whatsapp. ‚úî Guaranteed lowest price in the market! ‚úò No CD/hardcopy will be sent out. We will provide digital copy to download. What will you get after payment made? - Super fast direct download link for the software + full instructions to install and activate the software. What will you need to provide during payment? - Kindly provide your Email/Whatsapp number in chat box/order details. How long will you received the download link? - You will receive your order between 1 hour. (Usually between 15minutes)* - Buy Whatsender Pro [Latest February 2021 Version] | Whatsapp Bulk Sender | Whatsapp Blaster | Whatsapp Business Sender",Software,382 piece available,RM6.99,,OEM,Lifetime Warranty,https://shopee.com.my/Whatsender-Pro-Latest-February-2021-Version-Whatsapp-Bulk-Sender-Whatsapp-Blaster-Whatsapp-Business-Sender-i.263380289.6448199850,https://cf.shopee.com.my/file/9281193a678de3fb335b482c02adf008_tn,"Shopee,Computer & Accessories,Components,Software",https://shopee.com.my/mydigital_shop?categoryId=174&itemId=6448199850,4.8,249,
Winrar PRO License 2020 | Lifetime | Full Version,,,"üî∂ All screenshot of the software is from ORIGINALLY from our shopee. üì®[[Download Link will be given after Payment Finish Through Email]] üìå*Purchase from shopee üìå*We would send you the installation link through email/shopee chat üìå*Rate us ! Thank you :D ‚≠ï Multiple User guaranteed. ‚≠ï SAME DAY Email Delivery ‚≠ï EASY INSTALLATION ‚úî ‚≠ï JUST ONE CLICK TO INSTALL ‚úî ‚≠ï FULL VERSION ‚úî ‚≠ï üíØ CLEAN VIRUS ‚úî ‚≠ï Remote Installation support available- Teamviewer ‚úî ‚≠ï Safer and no shipping fee! ‚≠ï 100% have same function with box version ‚ùó‚ùó‚ùó‚ùó MAKLUMAT PEMBELIAN ‚ùó‚ùó‚ùó‚ùó ‚úÖPembelian adalah berbentuk softcopy ‚úÖFail diberi melalui link GOOGLE DRIVE ‚úÖSila berikan email GMAIL / apa-apa email yang mempunyai akses GOOGLE DRIVE ‚úÖAnything, boleh inbox saya - Buy Winrar PRO License 2020 | Lifetime | Full Version",Software,374 piece available,RM1.00,,OEM,No Warranty,https://shopee.com.my/Winrar-PRO-License-2020-Lifetime-Full-Version-i.18939699.4442091552,https://cf.shopee.com.my/file/082ec04fbd6c79e7e384cadcd9216d64_tn,"Shopee,Computer & Accessories,Components,Software",https://shopee.com.my/tech.mall?categoryId=174&itemId=4442091552,5,206,
WinZip Pro 25 (Full/Lifetime) Win /Mac,Winzip,"Mac Version 8,PC version 25","*** PLEASE NOTE : SOFTWARE WILL BE DELIVERED TO YOU THROUGH SHOPEE MESSAGES/EMAIL, NOTHING WILL BE POSTED *** WinZip 25 is the world‚Äôs most popular Windows Zip utility for file compression, file sharing, file encryption, and data backup. No other file compression utility is as easy to use or offers such a comprehensive and innovative feature set to help you save time, conserve space, and improve productivity. Moreover, you can instantly compress files to conserve storage space, send swifter emails, and decrease file upload/download times. Zip documents, spreadsheets, PDFs, presentations, you name it! You can quickly zip and unzip files to conserve storage space, speed up e-mail transmission, and reduce download times. In addition, WinZip offers strong AES encryption for securing sensitive data, the ability to bundle files into convenient, compressed packages, and an automated data backup facility to prevent data loss. WinZip even supports photo and image compression. Now you can compress your digital photographs and graphic images by 20 to 25% with no loss of photo quality or data integrity. This lets you send pictures faster and fit more on your flash drive, CD/DVD, or hard disk. OS: Windows 7/8 / 10 Note *please leave ur email after payment *this is not original no keys will be delivered. - Buy WinZip Pro 25 (Full/Lifetime) Win /Mac",Software,"475 piece available,947 piece available","RM3.50,RM3.90",,No Brand,No Warranty,https://shopee.com.my/WinZip-Pro-25-(Full-Lifetime)-Win-Mac-i.36661089.2204485497,,"Shopee,Computer & Accessories,Components,Software",https://shopee.com.my/junway86?categoryId=174&itemId=2204485497,4.9,356,730
