url,Item name (Title H1),Catalog Number,Description Item in category,Friendly URL,Title,Description,Keywords,Price,Image,PDF,MSDS,Catagories,Brand,Features
https://www.exdron.co.il/?????/?????-??-??-??????-????????-?????-91-1-?????/,????? ?? ?? ?????? ???????? ????? 99.1% ?????,NE-FM-RU,????? ?? ?????? ??? - ????? ?????? ?? ???? ???? ?? 10 ??????? ??????? ?????? NE-FM-RU-PM2.5 ?? ????? ????? ? 7 ??? ????? ????? ????? 70 ??? ?????,????? ?? ?? ?????? ???????? ????? 91.1% ????? ????? ?? ?????? ??? - ????? ??????,,,,,,,,,,
"?? ???? ???? ?? 5 ??????? ??????? ?????? NE-FM-RU-PM2.5""",????? ?? ?? ?????? ???????? ????? 91.1% ?????,????? ?? ?? ?????? ???????? ????? 91.1% ????? ????? ?? ?????? ??? - ????? ??????,,,,,,,,,,,,
"?? ???? ???? ?? 5 ??????? ??????? ?????? NE-FM-RU-PM2.5""",?????-??-??-??????-????????-?????-91-1-?????,140,?????-??-??-??????-????????-?????-91-1-?????.jpg,?????-??-??-??????-????????-?????-91-1-?????-datasheet.pdf,?????-??-??-??????-????????-?????-91-1-?????-MSDS.pdf,????? ?????,Nord-Ex,???? ???,,,,,,
https://www.exdron.co.il/?????/?????-????-Surgical-Face-Mask-3Ply/,????? ???? CE Face Mask 3Ply,EXC-FM-3PLY,EN 14683:2019 ?? Test Report ??????? ??????: 100 ??,????? ???? Surgical Face Mask 3Ply,????? ???? Surgical Face Mask 3Ply,????? ???? Surgical Face Mask 3Ply,?????-????-Surgical-Face-Mask-3Ply,,,,,,,
 ???? ????," ????? ????""",2.44,?????-????-Surgical-Face-Mask-3Ply.jpg,,?????-????-Surgical-Face-Mask-3Ply-datasheet.pdf,????? ????,ExClean,"???? ???,?? ????,????????,?????",,,,,,
https://www.exdron.co.il/?????/ExClean-Poly-cellul-99-IPA-56gsm-Wipes-9-X9-/,"ExClean Polycellul 99% IPA 56gsm Wipes 9""X9""",EX-0909PS,50 ?????? ????????? ???? ??? ?????? IPA 99% ???????? ??????? ??????,"EX 0909PS ExClean Polycellul 99% IPA 56gsm Wipes 9""X9""",ExClean Poly cellul 99 IPA 56gsm Wipes 9 X9,"EX 0909PS ExClean Polycellul 99% IPA 56gsm Wipes 9""X9""","ExClean Polycellul 99% IPA 56gsm Wipes 9""X9""",176,ExClean-Poly-cellul-99-IPA-56gsm-Wipes-9-X9-.jpg,,ExClean-Poly-cellul-99-IPA-56gsm-Wipes-9-X9--datasheet.pdf,????? ?????,ExClean,"????????,???? ???,??????"
https://www.exdron.co.il/?????/????-????-N95-Face-Mask-No-Valve-/,???? ???? CE N95 / FFP2 Face Mask 50Pcs,EXC-FM-N95,"???? ???? N95 N95 ?????, ??? ???????! ?? KN95 ??? ????? ???? ??????? ??????: 50 ??",???? ???? N95 Face Mask (No Valve) ???? ???? N95 Face Mask (No Valve),???? ???? N95 Face Mask (No Valve),???? ???? N95 Face Mask (No Valve) ???? ???? N95 Face Mask (No Valve),????-????-N95-Face-Mask-No-Valve-FFP2,,,,,,,
" ???? ???? ????? ???? facemask face mask""",24.4,????-????-N95-Face-Mask-No-Valve-.png,,????-????-N95-Face-Mask-No-Valve--datasheet.pdf,????? ????,ExClean,"?? ????,????????,?????",,,,,,,
https://www.exdron.co.il/?????/?????-????-Surgical-Face-Mask-3Ply/,????? ???? CE Face Mask 3Ply,EXC-FM-3PLY,EN 14683:2019 ?? Test Report ??????? ??????: 100 ??,????? ???? Surgical Face Mask 3Ply,????? ???? Surgical Face Mask 3Ply,????? ???? Surgical Face Mask 3Ply,?????-????-Surgical-Face-Mask-3Ply,,,,,,,
 ???? ????," ????? ????""",2.44,?????-????-Surgical-Face-Mask-3Ply.jpg,,?????-????-Surgical-Face-Mask-3Ply-datasheet.pdf,????? ????,ExClean,"???? ???,?? ????,????????,?????",,,,,,
https://www.exdron.co.il/?????/CE-N95-FFP2-Face-Mask-w-Relief-Valve/,CE N95 / FFP2 Face Mask w Relief Valve,EXC-FM-N95V,CE N95 / FFP2 Face Mask w Relief Valve,CE N95 FFP2 Face Mask w Relief Valve CE N95 FFP2 Face Mask w Relief Valve,CE N95 FFP2 Face Mask w Relief Valve,CE N95 FFP2 Face Mask w Relief Valve CE N95 FFP2 Face Mask w Relief Valve,CE-N95-FFP2-Face-Mask-w-Relief-Valve,,CE-N95-FFP2-Face-Mask-w-Relief-Valve.jpg,,CE-N95-FFP2-Face-Mask-w-Relief-Valve-datasheet.pdf,????? ????,ExClean,"?? ????,????????,?????"
https://www.exdron.co.il/?????/???????-WaterPro-?????-???-??????-?????-?????/,??????? WaterPro ????? ??? ?????? ????? ?????,EXD-WATERPRO,"???? ?????????? ???? ???????, ????? ???? ?? ??? ?????? ????? ????? ???. ????? ????? ???? ????? ?????? ?????? ??????? ??????? ????? ??? ?????. ?? ??? CE. ???? ???????? ?? ????? ????? ?? ? MIT. ?????? ?? ???, ??? ???????, ??? ???????, ?? ????? ????????, ???? ??????? ????????... ?? ?????? ????? - ?????? ???? ??????.","??????? WaterPro ????? ??? ?????? ????? ????? ???? ?????????? ???? ???????, ????? ???? ?? ??? ?????? ????? ????? ???.",??????? WaterPro ????? ??? ?????? ????? ?????,"??????? WaterPro ????? ??? ?????? ????? ????? ???? ?????????? ???? ???????, ????? ???? ?? ??? ?????? ????? ????? ???.",???????-WaterPro-?????-???-??????-?????-?????,159,???????-WaterPro-?????-???-??????-?????-?????.jpg,,,????? ????,Exdron,"????,?????"
https://www.exdron.co.il/?????/100-???????-??????-??-??????-PM2-5/,10 ??????? ?????? ?? ?????? PM2.5,NE-FM-RU-PM2.5,5 ????? ???? ???? ??? - ????? ??? ??? ????? ?? 99.1% ????? ??? ????? ?? 7 ??? ?????,10 ??????? ?????? ?? ?????? PM2.5 5 ????? ???? ???? ??? ????? ??? ???? ????? ?? 99.1%,100 ??????? ?????? ?? ?????? PM2.5,10 ??????? ?????? ?? ?????? PM2.5 5 ????? ???? ???? ??? ????? ??? ???? ????? ?? 99.1%,100-???????-??????-??-??????-PM2-5,95,100-???????-??????-??-??????-PM2-5.jpg,100-???????-??????-??-??????-PM2-5-datasheet.pdf,100-???????-??????-??-??????-PM2-5-MSDS.pdf,????? ????,Nord-Ex,???? ???
https://www.exdron.co.il/?????/ExClean-Antistatic-shoe-cover-HF-White-50-C-16-100/,"Antistatic shoe cover, HF, White, 50 C, 16 ""(100",EXD-SC-ESD,"????? ??? ????????, ?""?, ???, 50?,""16 (1000 ??)","EXD SC ESD Antistatic shoe cover, HF, White, 50 C, 16 ""(100",ExClean Antistatic shoe cover HF White 50 C 16 100,"EXD SC ESD Antistatic shoe cover, HF, White, 50 C, 16 ""(100","Antistatic shoe cover, HF, White, 50 C, 16 ""(100","1,386.00",?????-???-????????-??-????-50???-16-1000-??-.jpg,,?????-???-????????-??-????-50???-16-1000-??--datasheet.pdf,??????,ExClean,"????????,???? ???,?? ????"
https://www.exdron.co.il/?????/ExClean-Antistatic-shoe-cover-HF-White-50-C-16-100/,"Antistatic shoe cover, HF, White, 50 C, 16 ""(100",EXD-SC-ESD,"????? ??? ????????, ?""?, ???, 50?,""16 (1000 ??)","EXD SC ESD Antistatic shoe cover, HF, White, 50 C, 16 ""(100",ExClean Antistatic shoe cover HF White 50 C 16 100,"EXD SC ESD Antistatic shoe cover, HF, White, 50 C, 16 ""(100","Antistatic shoe cover, HF, White, 50 C, 16 ""(100","1,386.00",?????-???-????????-??-????-50???-16-1000-??-.jpg,,?????-???-????????-??-????-50???-16-1000-??--datasheet.pdf,??????,ExClean,"????????,???? ???,?? ????"
https://www.exdron.co.il/?????/????-????-N95-Face-Mask-No-Valve-/,???? ???? CE N95 / FFP2 Face Mask 50Pcs,EXC-FM-N95,"???? ???? N95 N95 ?????, ??? ???????! ?? KN95 ??? ????? ???? ??????? ??????: 50 ??",???? ???? N95 Face Mask (No Valve) ???? ???? N95 Face Mask (No Valve),???? ???? N95 Face Mask (No Valve),???? ???? N95 Face Mask (No Valve) ???? ???? N95 Face Mask (No Valve),????-????-N95-Face-Mask-No-Valve-FFP2,,,,,,,
" ???? ???? ????? ???? facemask face mask""",24.4,????-????-N95-Face-Mask-No-Valve-.png,,????-????-N95-Face-Mask-No-Valve--datasheet.pdf,????? ????,ExClean,"?? ????,????????,?????",,,,,,,
https://www.exdron.co.il/?????/?????-????-Surgical-Face-Mask-3Ply/,????? ???? CE Face Mask 3Ply,EXC-FM-3PLY,EN 14683:2019 ?? Test Report ??????? ??????: 100 ??,????? ???? Surgical Face Mask 3Ply,????? ???? Surgical Face Mask 3Ply,????? ???? Surgical Face Mask 3Ply,?????-????-Surgical-Face-Mask-3Ply,,,,,,,
 ???? ????," ????? ????""",2.44,?????-????-Surgical-Face-Mask-3Ply.jpg,,?????-????-Surgical-Face-Mask-3Ply-datasheet.pdf,????? ????,ExClean,"???? ???,?? ????,????????,?????",,,,,,
https://www.exdron.co.il/?????/CE-N95-FFP2-Face-Mask-w-Relief-Valve/,CE N95 / FFP2 Face Mask w Relief Valve,EXC-FM-N95V,CE N95 / FFP2 Face Mask w Relief Valve,CE N95 FFP2 Face Mask w Relief Valve CE N95 FFP2 Face Mask w Relief Valve,CE N95 FFP2 Face Mask w Relief Valve,CE N95 FFP2 Face Mask w Relief Valve CE N95 FFP2 Face Mask w Relief Valve,CE-N95-FFP2-Face-Mask-w-Relief-Valve,,CE-N95-FFP2-Face-Mask-w-Relief-Valve.jpg,,CE-N95-FFP2-Face-Mask-w-Relief-Valve-datasheet.pdf,????? ????,ExClean,"?? ????,????????,?????"
https://www.exdron.co.il/?????/Nord-Ex-Infrared-Thermometer-Gun-22/,Nord-Ex Infrared Thermometer Gun 22,NE-TEMPGUN22,"?? ??? ???????? ?????? ??? ???, ?????? ????? ????? ???? ????? ???? ?? ???? ?? ????",Nord-Ex Infrared Thermometer Gun 22,Nord-Ex Infrared Thermometer Gun 22,Nord-Ex Infrared Thermometer Gun 22,Nord-Ex-Infrared-Thermometer-Gun-22,,,,,,,
"?? ??? ????????""",245,Nord-Ex-Infrared-Thermometer-Gun-22.jpg,,Nord-Ex-Infrared-Thermometer-Gun-22-datasheet.pdf,????? ????,Nord-Ex,????????,,,,,,,
https://www.exdron.co.il/?????/CE-N95-FFP2-Face-Mask-w-Relief-Valve/,CE N95 / FFP2 Face Mask w Relief Valve,EXC-FM-N95V,CE N95 / FFP2 Face Mask w Relief Valve,CE N95 FFP2 Face Mask w Relief Valve CE N95 FFP2 Face Mask w Relief Valve,CE N95 FFP2 Face Mask w Relief Valve,CE N95 FFP2 Face Mask w Relief Valve CE N95 FFP2 Face Mask w Relief Valve,CE-N95-FFP2-Face-Mask-w-Relief-Valve,,CE-N95-FFP2-Face-Mask-w-Relief-Valve.jpg,,CE-N95-FFP2-Face-Mask-w-Relief-Valve-datasheet.pdf,????? ????,ExClean,"?? ????,????????,?????"
https://www.exdron.co.il/?????/???????-WaterPro-?????-???-??????-?????-?????/,??????? WaterPro ????? ??? ?????? ????? ?????,EXD-WATERPRO,"???? ?????????? ???? ???????, ????? ???? ?? ??? ?????? ????? ????? ???. ????? ????? ???? ????? ?????? ?????? ??????? ??????? ????? ??? ?????. ?? ??? CE. ???? ???????? ?? ????? ????? ?? ? MIT. ?????? ?? ???, ??? ???????, ??? ???????, ?? ????? ????????, ???? ??????? ????????... ?? ?????? ????? - ?????? ???? ??????.","??????? WaterPro ????? ??? ?????? ????? ????? ???? ?????????? ???? ???????, ????? ???? ?? ??? ?????? ????? ????? ???.",??????? WaterPro ????? ??? ?????? ????? ?????,"??????? WaterPro ????? ??? ?????? ????? ????? ???? ?????????? ???? ???????, ????? ???? ?? ??? ?????? ????? ????? ???.",???????-WaterPro-?????-???-??????-?????-?????,159,???????-WaterPro-?????-???-??????-?????-?????.jpg,,,????? ????,Exdron,"????,?????"
https://www.exdron.co.il/?????/?????-????-Surgical-Face-Mask-3Ply/,????? ???? CE Face Mask 3Ply,EXC-FM-3PLY,EN 14683:2019 ?? Test Report ??????? ??????: 100 ??,????? ???? Surgical Face Mask 3Ply,????? ???? Surgical Face Mask 3Ply,????? ???? Surgical Face Mask 3Ply,?????-????-Surgical-Face-Mask-3Ply,,,,,,,
 ???? ????," ????? ????""",2.44,?????-????-Surgical-Face-Mask-3Ply.jpg,,?????-????-Surgical-Face-Mask-3Ply-datasheet.pdf,????? ????,ExClean,"???? ???,?? ????,????????,?????",,,,,,
https://www.exdron.co.il/?????/????-????-N95-Face-Mask-No-Valve-/,???? ???? CE N95 / FFP2 Face Mask 50Pcs,EXC-FM-N95,"???? ???? N95 N95 ?????, ??? ???????! ?? KN95 ??? ????? ???? ??????? ??????: 50 ??",???? ???? N95 Face Mask (No Valve) ???? ???? N95 Face Mask (No Valve),???? ???? N95 Face Mask (No Valve),???? ???? N95 Face Mask (No Valve) ???? ???? N95 Face Mask (No Valve),????-????-N95-Face-Mask-No-Valve-FFP2,,,,,,,
" ???? ???? ????? ???? facemask face mask""",24.4,????-????-N95-Face-Mask-No-Valve-.png,,????-????-N95-Face-Mask-No-Valve--datasheet.pdf,????? ????,ExClean,"?? ????,????????,?????",,,,,,,
