Experience Level,Company_Name,Location,Job Type,Salary Estimate,Remote,Date Posted
Nuclear Engineer,,"Cedar Hill, TX 75104",Full-time,"$70,000 - $120,000 a year",,6 days ago
Social Media Manager,,Remote,Part-time,$25 - $33 an hour,Remote,3 days ago
Stage Manager,SEA LIFE Deutschland GmbH,"Goshen, NY 10924",,,,3 days ago
Network Engineer,,"Texas City, TX",Part-time,$30 - $40 an hour,Remote,Today
SPORTS PROGRAM MANAGER,,"Rome, GA",Full-time,"$50,319 - $80,510 a year",,6 days ago
"Manual QA Engineer, Economy",Reddit,California,,,Remote,Today
Personal Assistant/Household Manager,"Excellence Services, LLC","Atherton, CA 94027",Full-time,"$72,000 - $120,000 a year",,1 day ago
Truss Design Manager,,"Saint Cloud, MN 56301",Number of hires for this role,,,11 days ago
Manager QA,Virtusa,"New York, NY",,,,6 days ago
QA Engineer II,MotorTrend Group,"El Segundo, CA",,,,Today
Group Program Manager-Office of Equity and Racial Justice,County of San Diego,"San Diego, CA",Full-time,"$100,000 - $120,000 a year",,6 days ago
Front Office Manager,Highgate Hotels,"Twentynine Palms, CA 92277",,,,1 day ago
"sr manager communications, Partner Resources, HR Services-Remote-US",Starbucks,United States,,,Remote,8 days ago
BI Engineer - Global Accounts Receivable,Amazon.com Services LLC,"Arlington, VA",,,,Today
Software Test Manager,,Remote,,,Remote,1 day ago
IT Solutions Engineer/Systems Administrator,,"Rapid City, SD 57703",Full-time,"$50,000 - $65,000 a year",,13 days ago
Division Manager - Civil Engineer,Baseline Engineering Corporation,"Colorado Springs, CO",Full-time,"$120,000 - $125,000 a year",Temporarily remote,3 days ago
Software Engineer,SumTotal,"Gainesville, FL 32606",,,,Today
Human Resources Manager,,Remote,Full-time,"$90,000 - $110,000 a year",Remote,7 days ago
SQL Data Engineer,Tesla,"Fremont, CA",,,,12 days ago
Practice Manager L.V.N or R.N.,,"Greenville, TX 75401",,,,Just posted
Sr. Consulting Manager-Manufacturing&Logistics/TX based or travel required,Cognizant Technology Solutions,"Atlanta, GA",,,,3 days ago
Engineer I/II or Sr Engineer-Substation Operations,MidAmerican Energy,"Waterloo, IA 50703",,"$71,100 - $110,500 a year",,12 days ago
Ansible Engineer,,Remote,Full-time,"$150,000 - $175,000 a year",Remote,8 days ago
Workplace Experience Manager,Netflix,"Los Angeles, CA",,,,3 days ago
Assistant Manager,,"Los Angeles, CA",Full-time,"Up to $5,000 a month",Remote,5 days ago
QA Engineer II,MotorTrend Group,"El Segundo, CA",,,,Today
Assistant Front Office Manager - FULL TIME,Marriott Shoals Hotel and Spa,"Florence, AL 35630",,,,4 days ago
Engineer,Marriott Vacations Worldwide,"St John, VI 00830",,,,Today
District Manager,Athleta,United States,,,,3 days ago
"Manager II , Customer Engineer (M2)",Applied Materials Inc.,"Chandler, AZ",,,,Today
Controls/Automation Engineer,,"Danville, CA 94526",,,,Today
"Senior Front End Engineer, Controls Automation (React)",Tesla,"Fremont, CA",,,,12 days ago
"Graduate Engineer A, B or Engineer A, B or C (Infrastructure Management)",City of Austin,"Austin, TX 78701",,$37.12 - $49.18 an hour,,13 days ago
"591152 - Entry Level Remediation Engineer, Scientist, or Geologist",Geosyntec Consultants,"Acton, MA 01720",,,,1 day ago
New Programs Engineer - Mechanical Engineer,Tesla,"Hawthorne, CA 90250",,,,6 days ago
Software Engineer 3,eBay Inc.,"Bellevue, WA",,,,Just posted
Software Engineer (Remote),Sparrow,"San Francisco, CA 94110",,,Remote,13 days ago
Freelance WordPress Developer – Remote,,Remote,,,Remote,1 day ago
PHS&T Engineer Level 3,United Launch Alliance,"Decatur, AL",,,,Today
"Sr. Manager, Meeting Planning and Events",,"Boston, MA",,,,Today
Personal Travel Concierge / Destination Manager,,Remote,Full-time,"$45,000 - $65,000 a year",Remote,4 days ago
"iOS Engineer (LA, NYC, or Remote US)",,"New York, NY",,,Remote,2 days ago
QA Engineer - Remote,MobyMax,Remote,,,Remote,3 days ago
Account Manager,CrossFit,Remote,,,Remote,6 days ago
General Manager,Country Club of Indianapolis,"Indianapolis, IN 46234",Full-time,"$95,000 - $105,000 a year",,1 day ago
Employee Onboarding and Engagement Manager,,United States,,,,4 days ago
VEHICLE AERODYNAMIC ENGINEER,"Honda R&D Americas, Inc.","Raymond, OH 43067",,,,6 days ago
Cell Materials Engineer,Tesla,"Austin, TX",,,,12 days ago
Software Engineer,,"Atlanta, GA 30309",Part-time,"$71,614 - $155,690 a year",,4 days ago
Jr. Mechanical Engineer,SpinLaunch,"Long Beach, CA",,,,5 days ago
Front End Engineer,Ad Hoc Team,"Waite Park, MN",,,Remote,Today
"Software Engineer - Basking Ridge, NJ or Telecommute",UnitedHealth Group,"Basking Ridge, NJ 07920",,,Remote,7 days ago
Junior Computer Engineer or Computer Scientist,Applied Research Solutions,"Dayton, OH 45440",,,,1 day ago
Sr. Consulting Manager-Manufacturing&Logistics/TX based or travel required,Cognizant Technology Solutions,"Atlanta, GA",,,,3 days ago
"Hub Warehouse Manager, Eugene OR",North Coast,"Eugene, OR 97402",,,,Today
TRANSPORTATION MANAGER - WALTON FLEET TEAM,Dollar General,"Walton, KY 41094",,,,Today
Franchised General Manager,"Marriott International, Inc","Winter Garden, FL",,,,7 days ago
Partnerships Manager,,Remote,,"$120,000 - $140,000 a year",Remote,3 days ago
NOC Engineer I,,"Overland Park, KS 66211",,,Remote,Today
General Manager,Country Club of Indianapolis,"Indianapolis, IN 46234",Full-time,"$95,000 - $105,000 a year",,1 day ago
Test Manager Engineer,,"Aberdeen Proving Ground, MD 21005",Full-time,"$87,198 - $134,798 a year",Temporarily remote,1 day ago
Workplace Experience Manager,Netflix,"Los Angeles, CA",,,,3 days ago
Engineer - Simulator Support,Delta,"Atlanta, GA",,,,Just posted
,,,,,,11 days ago
PreSales-BPO- General Manager,IGT Solutions,Remote,Full-time,"$123,000 - $148,000 a year",Remote,Today
"Engineer Manager, iOS",tunein,"San Francisco, CA 94107",,,Temporarily remote,3 days ago
Assistant Front Office Manager - FULL TIME,Marriott Shoals Hotel and Spa,"Florence, AL 35630",,,,4 days ago
Engineering Manager,Placer County,"Auburn, CA",,"$121,888 - $152,235 a year",,3 days ago
CAE Engineer - Drive Systems,Tesla,"Palo Alto, CA",,,,Today
Data Engineer,,Remote,Full-time,"$86,976 - $199,185 a year",Remote,1 day ago
QA Engineer,,"Dallas, TX",,,Remote,5 days ago
Program Planner Sr Manager/IPMR DID/Integrated Master Plan-FL or KY,LOCKHEED MARTIN CORPORATION,"Fort Walton Beach, FL 32548",,,,Today
General Manager (Upscale Boutique Resort),"Kona Kai Resort & Spa, a Noble House Resort","San Diego, CA 92106",,,,13 days ago
OR Die Prep Process Engineer,Intel,"Hillsboro, OR 97124",,,,6 days ago
Fullstack ReactJS software Engineer,,Remote,Full-time,"$100,000 - $150,000 a year",Remote,Just posted
Digital Product Manager I or II (Remote Opportunity),Hallmark,"Kansas City, MO 64108",,,Remote,2 days ago
OR Die Prep Process Engineer,Intel,"Hillsboro, OR 97124",,,,6 days ago
Account Manager,CrossFit,Remote,,,Remote,6 days ago
Assistant OR Associate Engineer - Systems,Sound Transit,"Seattle, WA 98104",,"$60,000 - $90,000 a year",,4 days ago
Security Manager-Remote,CBRE,United States,,"$100,000 - $120,000 a year",Remote,4 days ago
Project manager,,Remote,,,Remote,Today
Project Manager,,Remote,Full-time,$36 - $95 an hour,Remote,5 days ago
Curriculum Development Manager,"Amazon Web Services, Inc.",Remote,,"$128,000 a year",Remote,4 days ago
Events Manager,,Remote,,,Remote,1 day ago
Network Engineer,Telnet Inc,Georgia,,,,Just posted
Project manager,,Remote,,,Remote,Today
Controls/Automation Engineer,,"Danville, CA 94526",,,,Today
Associate Account Manager,Hulu,"Santa Monica, CA",,,,3 days ago
Software Engineer - 2021 Grad,,"Cambridge, NY",,,,12 days ago
AWS Data Engineer,,Remote,Full-time,"$87,018 - $199,310 a year",Remote,3 days ago
Junior Aerospace Engineer,Jacobs,"Severn, MD 21144",,,,10 days ago
Organizational Learning and Development Manager,Paylocity,Remote,,,Remote,3 days ago
Process Engineer/Quality Manager,Saint-Gobain,"Tampa, FL",,,,Today
Full Stack Engineer,,"Palo Alto, CA 94306",,,Remote,4 days ago
EVENT SERVICES MANAGER,USS Midway Museum,"San Diego, CA 92101",,,,Today
Case Manager,,"Florence, SC 29505",,"$127,000 a year",,Today
General Manager,Piper Companies,"Greensboro, NC",,"$115,000 - $145,000 a year",,3 days ago
YOUTHBUILD – LAKELAND CASE MANAGER,Lakeland Housing Authority,"Lakeland, FL",,"$1,232 a week",,Today
Entry Level Chemical or Environmental Engineer,Tetra Tech,"Norfolk, VA 23502",,,,11 days ago
"Manager, Crew Scheduling","Frontier Airlines, Inc","Denver, CO 80239",,"$69,600 - $87,000 a year",,Today
General Manager (Upscale Boutique Resort),"Kona Kai Resort & Spa, a Noble House Resort","San Diego, CA 92106",,,,13 days ago
"Care Manager, Telephonic Nurse 2 (Work at Home - ID, UT, OR, WA)",Humana,"Sandy, UT",,,Remote,14 days ago
Remote Support Engineer,Frontier Technology Inc.,"Goleta, CA",,,Remote,3 days ago
Process Engineer,Skyworks,"Woburn, MA 01801",,,,4 days ago
Manufacturing Engineer,Abbott Laboratories,"Temecula, CA",,,,Today
"Manager, Prerequisite Academic Services",Orbis,Remote,,,Remote,4 days ago
Clinical Data Manager,Piper Companies,"Wildwood, NJ",,"$85,000 - $115,000 a year",Remote,Today
"Stage Manager, Consumer Events",Busch Gardens Williamsburg,"Williamsburg, VA 23185",,,,Today
Engineer 2,Miami-Dade County,"Miami, FL 33136",,"$105,763 a year",,4 days ago
Associate Research Engineer,Panduit,"Tinley Park, IL",,,,Just posted
Test Manager Engineer,,"Aberdeen Proving Ground, MD 21005",Full-time,"$87,198 - $134,798 a year",Temporarily remote,1 day ago
EVENT SERVICES MANAGER,USS Midway Museum,"San Diego, CA 92101",,,,Today
Partnerships Manager,,Remote,,"$120,000 - $140,000 a year",Remote,3 days ago
DMZ Network Engineer,,Remote,,,Remote,Today
Junior/Mid Artificial Intelligence or Machine Learning Engineer,"SimVentions, Inc","Fredericksburg, VA 22406",,,,5 days ago
Applications Engineer Entry,Archrock,"Houston, TX 77024",,,,Today
Assistant Front Office Manager - FULL TIME,Marriott Shoals Hotel and Spa,"Florence, AL 35630",,,,4 days ago
Software Development Engineer in Test (SDET),QuantumBricks Inc,"United, WV",Full-time,$53 - $65 an hour,,Just posted
Business Office Manager/Bookkeeper,,Remote,Part-time,$25 - $27 an hour,Remote,1 day ago
Senior Project Manager (Open to Remote),,"De Pere, WI",,"Up to $143,200 a year",Remote,12 days ago
Front Office Manager,Island Hospitality,"Marina del Rey, CA",,,,Today
QA Automation and Manual Test Engineer,NurseDash,Remote,,,Remote,3 days ago
Project Manager,Hays Consolidated Independent School District,"Hays County, TX",,$23.59 - $27.75 an hour,,Today
FP&A Associate Manager,PepsiCo,"Purchase, NY 10577",,,,Just posted
Network Support Engineer,,United States,,,,Just posted
Engineering Manager,Placer County,"Auburn, CA",,"$121,888 - $152,235 a year",,3 days ago
Program Planner Sr Manager/IPMR DID/Integrated Master Plan-FL or KY,LOCKHEED MARTIN CORPORATION,"Fort Walton Beach, FL 32548",,,,Today
Digital Product Manager I or II (Remote Opportunity),Hallmark,"Kansas City, MO 64108",,,Remote,2 days ago
"Engineer Manager, iOS",tunein,"San Francisco, CA 94107",,,Temporarily remote,3 days ago
"Manager, Accounts Payable",ViacomCBS,United States,,,Remote,3 days ago
Billing Manager,,United States,,,Remote,Today
DevOps Engineer,,Remote,Full-time,$40 - $45 an hour,Remote,4 days ago
Program Planner Sr Manager/IPMR DID/Integrated Master Plan-FL or KY,LOCKHEED MARTIN CORPORATION,"Fort Walton Beach, FL 32548",,,,Today
QA Engineer,,"Dallas, TX",,,Remote,5 days ago
NOC Engineer I,,"Overland Park, KS 66211",,,Remote,Today
"People Business Partner, Associate Manager",,Puerto Rico,,,,3 days ago
NOC Engineer,,Remote,,,Remote,3 days ago
Junior Computer Engineer or Computer Scientist,Applied Research Solutions,"Dayton, OH 45440",,,,1 day ago
CUSTOMER SUCCESS MANAGER- US (NYC OR REMOTE),,"New York, NY",,,Remote,4 days ago
SVP & General Manager,Tropicana Entertainment,"Greenville, MS 38701",,,,7 days ago
Customer Advocacy Manager,Lyra Health,Remote,,,Remote,11 days ago
FPGA Hardware Engineer (5 yrs experience),,"Scotts Valley, CA 95066",,,Temporarily remote,13 days ago
Software Engineer,"WebFX, Inc.","Harrisburg, PA 17102",,,,Just posted
"Sales Engineer ""3 Years Experience Required""",,"Raleigh-Durham, NC",Full-time,"$40,405 - $90,000 a year",,5 days ago
Structural Designer/Engineer,,"Fredericksburg, VA 22408",Full-time,"$48,000 - $55,000 a year",,4 days ago
Accounting Manager,,"Winona, MN 55987",Full-time,"$40,000 - $58,000 a year",,11 days ago
Truss Design Manager,,"Saint Cloud, MN 56301",Number of hires for this role,,,11 days ago
Civil Engineer (PE),,"Vero Beach, FL 32960",Number of hires for this role,,,14 days ago
Civil Engineer,,"Anchorage, AK 99518",Full-time,"$54,932 - $149,623 a year",,7 days ago
Stage Manager,,United States,,,,6 days ago
QA Engineer,,California,,,Remote,Today
SCHOOL FACILITIES ENGINEER/ SITE SUPERVISOR,NCIS,"San Francisco, CA",Full-time,$20 - $23 an hour,,11 days ago
Social Media Manager,,Remote,Part-time,$25 - $33 an hour,Remote,3 days ago
"Junior Software Engineer, UI",,Remote,,,Remote,6 days ago
,,,,,,3 days ago
"Manager, Data Engineer",Ally Financial Inc.,"Charlotte, NC 28217",,,,Today
Critical Facility Engineer,Facebook,"DeKalb, IL",,,,Today
Engineer II,Parker Hannifin Corporation,"Irvine, CA 92618",,,,7 days ago
Clinic Office Manager,"KPC Healthcare, INC","Hemet, CA 92543",Number of hires for this role,,,13 days ago
Maintenance Manager,,"Bridgehampton, NY 11932",,,,6 days ago
Senior Risk Manager - GRC,Amazon.com Services LLC,Remote,,"$106,500 - $160,000 a year",Remote,7 days ago
Network Support Engineer,,United States,,,,Just posted
"NEEDED: “The MANAGER In The Arena"" $80K to start",Red Shovel,"Albuquerque, NM 87114",Full-time,"$65,000 - $80,000 a year",,Today
District Manager,Public Storage,"Oklahoma City, OK",,"$117,000 a year",,3 days ago
,,,,,,5 days ago
Frontend Software Engineer (Remote or Pittsburgh),Seegrid,Remote,,,Remote,6 days ago
"Manager, Workplace Experience Strategy",Liberty Mutual Insurance,Remote,,"$128,000 a year",Remote,1 day ago
Software Engineer Manager,IBM,"Sandy Springs, GA",,,,Today
CUSTOMER SUCCESS MANAGER- US (NYC OR REMOTE),,"New York, NY",,,Remote,4 days ago
Full-time Police Records Manager,,"Wall, NJ 07719",,,,7 days ago
Customer Support Manager,,Remote,Full-time,"$60,000 - $84,000 a year",Remote,12 days ago
Critical Facility Engineer,Facebook,"DeKalb, IL",,,,Today
"Entry Level Or Experienced Condominium Manager Needed, Will Train!",,"Tewksbury, MA 01876",Full-time,"$35,000 - $55,000 a year",,1 day ago
Engineer/Civil - Registered,,"Pawtucket, RI 02861",Number of hires for this role,,,7 days ago
Senior Geotechnical Engineer,,"Meridian, ID 83642",Number of hires for this role,,,4 days ago
Project Architect - Design/Build Manager,,"Forest, VA 24551",Number of hires for this role,,,12 days ago
Registered Nurse Manager,Osawatomie State Hospital,"Osawatomie, KS 66064",Full-time,"$66,518 - $84,926 a year",,7 days ago
Licensed Optician/Manager,,"Plymouth, MA 02360",Full-time,$28 - $32 an hour,,8 days ago
"Engineer I, II, or III",,"New Bern, NC",,,,4 days ago
Tax Manager,,"San Diego, CA",Number of hires for this role,,,13 days ago
"Education Program Manager, Racial Equity & Justice Initiative - Environment, Policy and Social Initiatives",Apple,"Santa Clara Valley, CA 95014",,,,Today
Software Engineer Apprentice,IBM,"Austin, TX 73344",,,,13 days ago
Design Engineer,Interface Inc.,"Scottsdale, AZ 85260",,,,Just posted
"Materials Engineer, Adhesives",Tesla,"Palo Alto, CA",,,,5 days ago
SUPERVISORY ENGINEER OR MANAGER,US Department of the Navy,"Newport, RI",,"$71,987 - $172,500 a year",,1 day ago
Entry Level Engineer or Geologist,Trihydro Corporation,"Butte, MT",Number of hires for this role,,,Today
District Manager,Public Storage,"Oklahoma City, OK",,"$117,000 a year",,3 days ago
"Manager, Data Engineer",Ally Financial Inc.,"Charlotte, NC 28217",,,,Today
Group Program Manager-Office of Equity and Racial Justice,County of San Diego,"San Diego, CA",,"$100,000 - $120,000 a year",,6 days ago
"Substation Commissioning Engineer - Entry-Level, Staff, or Senior",Xcel Energy,"Golden, CO",,"$59,500 - $109,666 a year",,Today
content Manager,,"Saint George, UT 84790",Full-time,"$3,000 - $5,000 a month",Remote,1 day ago
"Manager, Workplace Experience Strategy",Liberty Mutual Insurance,Remote,,"$128,000 a year",Remote,1 day ago
"QA Automation Engineer - Remote or In Office (UT, PA, CA)",,Remote,Full-time,"From $75,000 a year",Remote,3 days ago
Water Purification Technician,,"Tamuning, GU 96913",,,,6 days ago
Restaurant Manager,,"Jackson, WY 83001",Full-time,"From $50,000 a year",,6 days ago
Big Woods at Hard Truth Hills: Assistant Kitchen Manager,,"Nashville, IN 47448",Number of hires for this role,,,5 days ago
Automation Engineer/CNC Programmer,,"Saint Paul, MN 55127",Number of hires for this role,,,6 days ago
Clinic Office Manager,"KPC Healthcare, INC","Hemet, CA 92543",Number of hires for this role,,,13 days ago
Systems Engineer,,"Omaha, NE",Full-time,"$95,000 - $120,000 a year",,13 days ago
"Senior Geotechnical Engineer - Relocate to Chicago, IL",,"St. Louis, MO",Full-time,"$100,000 - $110,000 a year",,11 days ago
Systems Engineer I or II,,"Greensboro, NC 27401",Full-time,"$54,626 - $77,721 a year",Temporarily remote,11 days ago
Employee Housing Program Manager,Aspen School District,"Aspen, CO 81611",,"$45,000 - $55,000 a year",,3 days ago
TEST ENGINEER,"Honda R&D Americas, Inc.","Raymond, OH 43067",,,,1 day ago
R&D Microfluidics Engineer,,"San Diego, CA 92121",,$28 - $42 an hour,,5 days ago
STEM Program Manager-Young Learners,"Amazon Web Services, Inc.","Seattle, WA",,"$74,200 - $129,800 a year",,14 days ago
Maintenance and Construction Manager,,"Ithaca, NY 14850",Full-time,"From $45,000 a year",,13 days ago
"Manager, Guest Services",Dr. Phillips Center for the Performing Arts,"Orlando, FL 32801",,,,3 days ago
UAS Systems Engineer,,Remote,Full-time,"$98,000 - $150,000 a year",Temporarily remote,Just posted
Research Engineer II,HarbisonWalker International,"West Mifflin, PA",,,,Today
Jr. Software Engineer,Amazon.com Services LLC,"Austin, TX",,,,7 days ago
Practice Manager L.V.N or R.N.,,"Greenville, TX 75401",,,,Just posted
Electronics Engineer - Permanent or Contract,Setra,"Boxborough, MA 01719",,,,11 days ago
Contract Manager,Axiom Law,Remote,,,Remote,13 days ago
Collection Manager,,"Marietta, GA 30066",Full-time,"$74,000 - $104,000 a year",,Today
CAE Engineer - Drive Systems,Tesla,"Palo Alto, CA",,,,Today
QA Engineer,,Remote,,,Remote,5 days ago
NOC Engineer,,Remote,,,Remote,3 days ago
Software Engineer,"WebFX, Inc.","Harrisburg, PA 17102",,,,Just posted
Backend Engineer - Uber Transit,Uber,"San Francisco, CA 94103",,,,Today
Integration and Test Engineer,L&T Infotech,"Los Angeles, CA",Full-time,"$119,947 - $160,592 a year",Temporarily remote,Today
Software Test Engineer,,Remote,Full-time,"$48,000 - $60,000 a year",Remote,Today
ENGINEER I OR II,City of Ridgecrest,"Ridgecrest, CA 93555",,,,Today
Software Engineer III - Entry Level,USAA,"San Antonio, TX 78288",,,,Just posted
SharePoint Solutions Manager,GrandMasters,Remote,Part-time,$60 - $75 an hour,Remote,2 days ago
"Manager, Talent Acquisition",MyEyeDr.,Remote,,,Remote,9 days ago
Systems Engineer I or II,,"Greensboro, NC 27401",Full-time,"$54,626 - $77,721 a year",Temporarily remote,11 days ago
Employee Housing Program Manager,Aspen School District,"Aspen, CO 81611",,"$45,000 - $55,000 a year",,3 days ago
Physical Security Program Manager,Amazon.com Services LLC,Remote,,"$98,700 - $160,000 a year",Remote,14 days ago
BI Engineer,Electronic Arts,"Los Angeles, CA",,,,Today
,,,,,,3 days ago
"Local Operations Manager - Manzanita, OR",Vacasa,"Manzanita, OR",,,,Today
TEST ENGINEER,"Honda R&D Americas, Inc.","Raymond, OH 43067",,,,1 day ago
Test Automation Engineer,,"Washington, DC",Contract,,Remote,Today
Network Engineer I,IBM,"Dallas, TX 75202",,,Remote,4 days ago
Program Claims Manager,Amazon.com Services LLC,Remote,,,Remote,Today
QA Engineer,,California,,,Remote,Today
Jr. Software Engineer,Amazon.com Services LLC,"Austin, TX",,,,7 days ago
STEM Program Manager-Young Learners,"Amazon Web Services, Inc.","Seattle, WA",,"$74,200 - $129,800 a year",,14 days ago
"Area Manager - El Paso, TX",Amazon.com Services LLC,"El Paso, TX",,,,13 days ago
"Manager, Accounts Payable",ViacomCBS,United States,,,Remote,3 days ago
Integration and Test Engineer,L&T Infotech,"Los Angeles, CA",Full-time,"$119,947 - $160,592 a year",Temporarily remote,Today
Speaker manager at the limitless conference 05.05.2021 (virtual),,Remote,,,Remote,Today
"Hub Warehouse Manager, Eugene OR",North Coast,"Eugene, OR 97402",,,,Today
Recreation Manager,Hyatt Pinon Pointe,"Sedona, AZ 86336",Full-time,$24.28 an hour,,Just posted
R&D Microfluidics Engineer,,"San Diego, CA 92121",,$28 - $42 an hour,,5 days ago
Software Engineer Apprentice: Automation Dev & Testing,IBM,"Littleton, MA 01460",,,,12 days ago
Aerospace Engineer I,Textron Systems,"Hunt Valley, MD",,,,Just posted
Social Media Manager,,Remote,Part-time,$25 - $33 an hour,Remote,3 days ago
"Manager, Sports Brand Solutions",,"New York, NY",,,,3 days ago
Automation Manager / Engineer,,"West Hollywood, CA 90069",,"Up to $180,000 a year",,10 days ago
Backend Engineer - Podcaster Mission (Remote Eligible - Americas),Spotify,"New York, NY",,,Remote,Today
Data Engineer III – Entry Level,USAA,"Phoenix, AZ 85085",,,,3 days ago
Physical Security Program Manager,Amazon.com Services LLC,Remote,,"$98,700 - $160,000 a year",Remote,14 days ago
UAS Systems Engineer,,Remote,Full-time,"$98,000 - $150,000 a year",Temporarily remote,Just posted
Front End Engineer,,Remote,Full-time,"From $140,000 a year",Temporarily remote,1 day ago
"Fiber Delivery Engineer, Network Investments",Facebook,Remote,,,Remote,5 days ago
R&D Microfluidics Engineer,,"San Diego, CA 92121",,$28 - $42 an hour,,5 days ago
Design Engineer,Interface Inc.,"Scottsdale, AZ 85260",,,,Just posted
SharePoint Solutions Manager,GrandMasters,Remote,Part-time,$60 - $75 an hour,Remote,2 days ago
Entry Level Software Engineer,Per Scholas Inc.,Remote,,"From $62,000 a year",Remote,6 days ago
Senior Events Manager,HP,"Spring, TX 77389",,,,3 days ago
"Materials Engineer, Adhesives",Tesla,"Palo Alto, CA",,,,5 days ago
Assistant Engineer,City of Montclair,"Montclair, CA 91763",,"$6,777 - $8,237 a month",,4 days ago
Manager,Apple,"Houston, TX",,,,Today
"Associate Service Manager - Dallas, TX",Tesla,"Dallas, TX",,,,1 day ago
Senior Risk Manager - GRC,Amazon.com Services LLC,Remote,,"$106,500 - $160,000 a year",Remote,7 days ago
,,,,,,Just posted
,,,,,,6 days ago
,,,,,,6 days ago
,,,,,,5 days ago
,,,,,,Today
,,,,,,Today
,,,,,,5 days ago
,,,,,,4 days ago
,,,,,,10 days ago
,,,,,,7 days ago
,,,,,,Just posted
,,,,,,3 days ago
,,,,,,7 days ago
,,,,,,4 days ago
,,,,,,4 days ago
,,,,,,5 days ago
,,,,,,7 days ago
,,,,,,Just posted
,,,,,,4 days ago
,,,,,,9 days ago
,,,,,,7 days ago
,,,,,,6 days ago
,,,,,,4 days ago
,,,,,,1 day ago
,,,,,,Today
,,,,,,Today
,,,,,,6 days ago
,,,,,,3 days ago
,,,,,,Just posted
,,,,,,Today
,,,,,,11 days ago
,,,,,,Today
,,,,,,5 days ago
,,,,,,7 days ago
,,,,,,Just posted
,,,,,,4 days ago
,,,,,,3 days ago
,,,,,,5 days ago
,,,,,,1 day ago
,,,,,,11 days ago
,,,,,,Today
,,,,,,Today
,,,,,,4 days ago
,,,,,,Today
,,,,,,Just posted
,,,,,,7 days ago
,,,,,,4 days ago
,,,,,,3 days ago
,,,,,,Today
,,,,,,Just posted
,,,,,,Today
,,,,,,6 days ago
,,,,,,3 days ago
,,,,,,3 days ago
,,,,,,Just posted
,,,,,,12 days ago
,,,,,,3 days ago
,,,,,,Today
,,,,,,4 days ago
,,,,,,7 days ago
,,,,,,Just posted
,,,,,,4 days ago
,,,,,,7 days ago
,,,,,,1 day ago
,,,,,,Just posted
,,,,,,Just posted
,,,,,,Just posted
,,,,,,Just posted
,,,,,,Today
,,,,,,Today
,,,,,,7 days ago
,,,,,,4 days ago
,,,,,,Just posted
,,,,,,4 days ago
,,,,,,3 days ago
,,,,,,5 days ago
,,,,,,12 days ago
,,,,,,1 day ago
,,,,,,4 days ago
,,,,,,Today
,,,,,,1 day ago
,,,,,,Today
,,,,,,Today
,,,,,,3 days ago
,,,,,,7 days ago
,,,,,,3 days ago
,,,,,,1 day ago
,,,,,,Today
,,,,,,6 days ago
,,,,,,Just posted
,,,,,,10 days ago
,,,,,,3 days ago
,,,,,,4 days ago
,,,,,,6 days ago
,,,,,,11 days ago
,,,,,,Just posted
,,,,,,13 days ago
,,,,,,4 days ago
,,,,,,Today
,,,,,,10 days ago
,,,,,,7 days ago
,,,,,,1 day ago
,,,,,,4 days ago
,,,,,,Today
,,,,,,Just posted
,,,,,,Today
,,,,,,Just posted
,,,,,,4 days ago
,,,,,,Just posted
,,,,,,4 days ago
,,,,,,Today
,,,,,,Just posted
,,,,,,Today
,,,,,,1 day ago
,,,,,,3 days ago
,,,,,,5 days ago
,,,,,,Today
,,,,,,Today
,,,,,,Today
,,,,,,Today
,,,,,,Today
,,,,,,Today
,,,,,,3 days ago
,,,,,,Today
,,,,,,5 days ago
,,,,,,Today
,,,,,,Just posted
,,,,,,Today
,,,,,,1 day ago
,,,,,,6 days ago
,,,,,,Just posted
,,,,,,4 days ago
,,,,,,3 days ago
,,,,,,3 days ago
,,,,,,4 days ago
,,,,,,Today
,,,,,,3 days ago
,,,,,,2 days ago
,,,,,,5 days ago
,,,,,,Just posted
,,,,,,Today
,,,,,,Today
,,,,,,Just posted
,,,,,,1 day ago
,,,,,,5 days ago
,,,,,,6 days ago
,,,,,,Just posted
,,,,,,4 days ago
,,,,,,6 days ago
,,,,,,7 days ago
,,,,,,Today
,,,,,,3 days ago
,,,,,,Just posted
,,,,,,Just posted
,,,,,,Just posted
,,,,,,Just posted
,,,,,,1 day ago
,,,,,,4 days ago
,,,,,,Today
,,,,,,1 day ago
,,,,,,Just posted
,,,,,,1 day ago
,,,,,,Today
,,,,,,5 days ago
,,,,,,Today
,,,,,,7 days ago
,,,,,,Just posted
,,,,,,4 days ago
,,,,,,5 days ago
,,,,,,Just posted
,,,,,,Today
,,,,,,Today
,,,,,,Today
,,,,,,1 day ago
,,,,,,Today
,,,,,,Today
,,,,,,Today
,,,,,,7 days ago
,,,,,,3 days ago
,,,,,,4 days ago
,,,,,,3 days ago
,,,,,,2 days ago
,,,,,,2 days ago
,,,,,,4 days ago
,,,,,,7 days ago
,,,,,,1 day ago
,,,,,,3 days ago
,,,,,,7 days ago
,,,,,,Today
,,,,,,1 day ago
,,,,,,3 days ago
,,,,,,4 days ago
,,,,,,Today
,,,,,,7 days ago
,,,,,,Today
,,,,,,1 day ago
,,,,,,4 days ago
,,,,,,Today
,,,,,,1 day ago
,,,,,,3 days ago
,,,,,,Today
,,,,,,2 days ago
,,,,,,10 days ago
,,,,,,4 days ago
,,,,,,Today
,,,,,,Today
,,,,,,3 days ago
,,,,,,Today
,,,,,,Today
,,,,,,Today
,,,,,,4 days ago
,,,,,,Today
,,,,,,1 day ago
,,,,,,4 days ago
,,,,,,Today
,,,,,,5 days ago
,,,,,,2 days ago
,,,,,,7 days ago
,,,,,,3 days ago
,,,,,,Today
,,,,,,10 days ago
,,,,,,7 days ago
,,,,,,3 days ago
,,,,,,Just posted
,,,,,,Today
,,,,,,Just posted
,,,,,,3 days ago
,,,,,,4 days ago
,,,,,,3 days ago
,,,,,,3 days ago
,,,,,,4 days ago
,,,,,,4 days ago
,,,,,,Today
,,,,,,10 days ago
,,,,,,Just posted
,,,,,,Just posted
,,,,,,6 days ago
,,,,,,Just posted
Experience Level,Company_Name,Location,Job Type,Salary Estimate,Remote,Date Posted
Jr. Application Engineer,,"San Diego, CA 92123",Full-time,"From $70,000 a year",,3 days ago
Front End Software Engineer,,"San Francisco, CA",,,Remote,6 days ago
Data Engineer,,United States,Contract,$45 - $60 an hour,,6 days ago
Front Office Manager,Fairfield Inn & Suites Gadsden,"Gadsden, AL",,,,Just posted
UX Engineer,ScriptDrop,Remote,Number of hires for this role,,Remote,1 day ago
Front Desk Manager,NTT DATA Services,"Washington, DC 20006",Full-time,"$60,000 - $80,000 a year",Temporarily remote,Today
I T Manager - Applications,,"Wooster, OH 44691",Full-time,"$130,000 - $145,000 a year",Temporarily remote,Just posted
Jr. Application Engineer,,"San Diego, CA 92123",Full-time,"From $70,000 a year",,3 days ago
Network Administrator/Engineer,,"Myrtle Beach, SC 29575",,,,5 days ago
Office Manager,,"Southfield, MI 48075",Full-time,From $25 an hour,,6 days ago
Transportation Manager,,"Lexington, KY 40509",,,,Today
Plant Manager,,"Clay City, KY 40312",Full-time,"$75,000 - $100,000 a year",,Today
Case Manager,Cystic Fibrosis Foundation,Remote,,,Remote,11 days ago
Insurance Talent Acquisition Manager,AFN,Remote,,"$100,000 a year",Remote,5 days ago
"Supplier QA Engineer Associate- Lexington, KY",LOCKHEED MARTIN CORPORATION,"Lexington, KY 40516",,,,7 days ago
"Partner Engineer, TV and Media Operations, YouTube",YouTube,"San Bruno, CA",,,,1 day ago
Flex DFM Engineer,Apple,"Santa Clara Valley, CA 95014",,,,Today
Concrete Coatings Division Manager,,"San Rafael, CA",Full-time,"$44,868 - $75,000 a year",,11 days ago
Associate Software Engineer,Nuance,"Burlington, MA",,,,6 days ago
Junior Software Engineer,LendingTree,"Charlotte, NC",,,,6 days ago
Senior Engineer,,Remote,Full-time,"$120,000 - $200,000 a year",Remote,Today
Research Engineer I- Wet Coatings,Saint-Gobain,"Northborough, MA 01532",,,,1 day ago
District Manager,Tractor Supply Company,"Orlando, FL 32820",,,,3 days ago
Product Support Engineer,Thermo Fisher Scientific,"South San Francisco, CA 94080",,,,Today
Customer Success Manager,,"Atlanta, GA 30303",Full-time,"From $60,000 a year",Temporarily remote,7 days ago
Contact Center Supervisor Online- Virtual,Home Depot / THD,"Atlanta, GA 30301",,,Remote,13 days ago
Software Engineer,,California,,,Remote,6 days ago
Manager Engineering-US,"Kennametal, Inc.","Rogers, AR 72756",,,,Today
Cloud ETL Engineer,EvereTech LLC,Remote,Full-time,$85 - $98 an hour,Temporarily remote,Today
Enterprise Customer Success Manager,,Remote,Full-time,"$60,000 - $100,000 a year",Remote,Today
Quality Assurance Engineer,,"Glen Allen, VA 23060",,,,3 days ago
Project Engineer I or II,"City of Cedar Rapids, IA","Cedar Rapids, IA 52404",,"$75,109 - $108,493 a year",,4 days ago
Public Relations and Influencer Manager,Tory Burch,New York State,,,,6 days ago
DELIVERY MANAGER,,Remote,,,Remote,Today
Sr. Manager Customer Experience Operations,Honeywell,"Atlanta, GA 30308",,,,3 days ago
"HR Manager - SSD, East Coast",Tesla,"Brooklyn, NY 11231",,,,Today
Compliance Program Manager,Microsoft,United States,,,,10 days ago
"New Products, Program Manager",Facebook,"San Francisco, CA 94131",,,,1 day ago
Data Engineer - Personalization (Remote Eligible - Americas),Spotify,"Boston, MA",,,Remote,Today
Staff Civil Engineer,,"Palmer, MA 01069",Number of hires for this role,,,11 days ago
Associate UI Engineer,Visa,"Austin, TX",,,,5 days ago
Mobile Engineer (iOS or Android),Mobile Integration Workgroup,Remote,,,Remote,4 days ago
Junior Engineer,,"Boston, MA",Full-time,"$50,000 - $80,000 a year",Remote,12 days ago
Test Automation Engineer,,"Palo Alto, CA 94306",,,,5 days ago
"Program Manager, Virtual Learn",DeKalb County School District,"Decatur, GA 30033",,,Remote,5 days ago
Data Science Engineer - Pharma Manufacturig Sci,Takeda Pharmaceuticals,"Boston, MA",,"$101,500 - $195,800 a year",,10 days ago
Software Engineering Manager - Coupons/Marketing - San Antonio or Austin,HEB,"San Antonio, TX 78204",,,,8 days ago
Partner Manager - Creators,Spotify,"Los Angeles, CA",,,,8 days ago
Data Engineer,,"San Francisco, CA",Number of hires for this role,,Remote,Just posted
Frontend Engineer,Kaizen Technologies,"Seattle, WA",,,,4 days ago
Brand Engagement Associate Manager-Energy,PepsiCo,"Los Angeles, CA",,,,Just posted
Strategy & Insights Program Manager,Handshake,California,,,Remote,Just posted
FP&A Manager,,"Boulder, CO 80303",Full-time,"$90,000 - $100,000 a year",,12 days ago
Sr Fermentation Engineer,,"Comer, GA 30629",Full-time,"$75,000 - $95,000 a year",,4 days ago
"Senior Geotechnical Engineer - Relocate to Chicago, IL",,"St. Louis, MO",Full-time,"$100,000 - $110,000 a year",,11 days ago
Test Automation Engineer,,"Palo Alto, CA 94306",,,,5 days ago
Dartmouth Co-op Retail Store Manager,,"Hanover, NH 03755",Full-time,From $18 an hour,,3 days ago
General Manager,Burns Paiute Tribe,"Burns, OR 97720",Full-time,"$80,000 - $110,000 a year",,11 days ago
Full Stack Software Engineer,Rewards Network,Remote,,,Remote,Today
Supervisor - Public Accounting,,"Alton, IL 62002",Number of hires for this role,,,10 days ago
Operations Manager - Automotive,,"Decatur, AL",Full-time,"Up to $100,000 a year",,12 days ago
Senior Landscape Architect - Project Manager,,"Naples, FL",Full-time,"From $95,000 a year",,12 days ago
Brand Engagement Associate Manager-Energy,PepsiCo,"Los Angeles, CA",,,,Just posted
"Manager, Manufacturing Validation",Thermo Fisher Scientific,"Florence, SC 29501",,,,Today
"Senior Front End Engineer, Controls Automation (React)",Tesla,"Fremont, CA",,,,12 days ago
Entry Level Product Cybersecurity Engineer,BOEING,"Seattle, WA",,,,3 days ago
Project Manager,,Remote,Full-time,"Up to $150,000 a year",Remote,13 days ago
"Senior Manager, Accounts Receivable - Remote Position",Zillow Group,"Los Angeles, CA 90002",,,Remote,6 days ago
Manager Physician Practice,Northside Hospital,"Lawrenceville, GA",,,,6 days ago
Security Engineer,SIS,"Sunnyvale, CA",,,,Today
Community Involvement Manager,City of Scottsdale,"Scottsdale, AZ",,"$87,173 - $126,776 a year",,10 days ago
QA Engineer – Desktop/Javascript/typescript,Extron,"Anaheim, CA 92805",,,,6 days ago
VENUE OPERATIONS MANAGER,,"Las Vegas, NV",,,,5 days ago
Jr. Mechanical Engineer,SpinLaunch,"Long Beach, CA",,,,5 days ago
Clinical Data Manager,Piper Companies,"Wildwood, NJ",,"$85,000 - $115,000 a year",Remote,Today
Frontend Engineer,Kaizen Technologies,"Seattle, WA",,,,4 days ago
Vacation Operations Manager Needed ASAP!,,"Nashville, TN 37207",Full-time,$15 - $35 an hour,,Just posted
Technical Product Manager,Stream,"Boulder, CO",,"$110,000 - $130,000 a year",Remote,Today
Assistant Office Manager,Kidney and Hypertension Specialists,"Montgomery, AL 36104",Full-time,$20 - $25 an hour,,Today
"Program Manager, Virtual Learn",DeKalb County School District,"Decatur, GA 30033",,,Remote,5 days ago
Engineer,New York University,"Brooklyn, NY",,,,6 days ago
Remote IT Service Desk Team Manager,Unisys,"Salt Lake City, UT 84116",,,Remote,4 days ago
Manufacturing Operations Manager,,"Mocksville, NC 27028",Full-time,"$70,000 - $90,000 a year",,1 day ago
Junior Engineer,,"Boston, MA",Full-time,"$50,000 - $80,000 a year",Remote,12 days ago
Operations Manager - Automotive,,"Decatur, AL",Full-time,"Up to $100,000 a year",,12 days ago
ADMINISTRATIVE PROGRAM MANAGER 1,State of Louisiana,"New Orleans, LA",,"$3,084 - $6,072 a month",,7 days ago
Project Manager,,Remote,Full-time,"Up to $150,000 a year",Remote,13 days ago
Security Engineer,SIS,"Sunnyvale, CA",,,,Today
Entry Level Product Cybersecurity Engineer,BOEING,"Seattle, WA",,,,3 days ago
"Senior Manager, Accounts Receivable - Remote Position",Zillow Group,"Los Angeles, CA 90002",,,Remote,6 days ago
Manager Physician Practice,Northside Hospital,"Lawrenceville, GA",,,,6 days ago
Program Manager - Azure,,Remote,Full-time,$75 - $85 an hour,Remote,13 days ago
Junior Android Engineer,,"Los Angeles, CA",,,,14 days ago
Attestation Manager,"JPMorgan Chase Bank, N.A.","Wilmington, DE",,,,Just posted
eCom Full Stack Engineer,PepsiCo,"Palo Alto, CA",,,,Today
"Regional Loss Prevention Manager,",Amazon.com Services LLC,"Bessemer, AL",,,,4 days ago
Manufacturing Engineer,LOCKHEED MARTIN CORPORATION,"Orlando, FL 32825",,,,5 days ago
Warehouse Distribution Manager,Navicent Health,"Milledgeville, GA 31061",,,,5 days ago
Backend Engineer,,Remote,Full-time,"$130,000 - $160,000 a year",Remote,12 days ago
Patient Program Manager,Abbvie,"San Juan, PR",,,,6 days ago
Category Manager,Archer Daniels Midland Company,"Decatur, IL 62526",,"$91,512 a year",,Just posted
Program Manager,,"Austin, TX",Full-time,$80 - $115 an hour,Temporarily remote,Today
Jr. Research Engineer/Data Scientist,Technica Corporation,"Sterling, VA 20166",Number of hires for this role,,Temporarily remote,Today
Enterprise Customer Success Manager,,Remote,Full-time,"$60,000 - $100,000 a year",Remote,Today
"project manager, Global Public Policy",Starbucks,"Seattle, WA 98134",,,,5 days ago
"HR Manager - SSD, East Coast",Tesla,"Brooklyn, NY 11231",,,,Today
Corporate FP&A Manager,Facebook,"San Francisco, CA 94131",,,,4 days ago
Cloud ETL Engineer,EvereTech LLC,Remote,Full-time,$85 - $98 an hour,Temporarily remote,Today
Manufacturing Engineer,Inalfa Roof Systems,"Acworth, GA 30102",,,,Today
"Program Manager, Virtual Learn",DeKalb County School District,"Decatur, GA 30033",,,Remote,5 days ago
Project Engineer I or II,"City of Cedar Rapids, IA","Cedar Rapids, IA 52404",,"$75,109 - $108,493 a year",,4 days ago
"Manager, Computer Systems Validation Engineer",,"Raleigh, NC 27613",Full-time,$65.00 - $65.01 an hour,,13 days ago
Chat Manager,,"Houston, TX 77092",Number of hires for this role,,,Just posted
Clinical Research Manager,,Remote,Full-time,"Up to $105,000 a year",Remote,8 days ago
Operations Manager,Xcel Energy,"Saint Paul, MN 55117",,"$82,700 - $117,566 a year",,Today
Regional Operations Manager,Aspen Dental,"Simpsonville, SC 29680",,,,4 days ago
Contracts Manager,Amazon.com Services LLC,"Arlington, VA",,,,3 days ago
Junior Engineer,,"Boston, MA",Full-time,"$50,000 - $80,000 a year",Remote,12 days ago
Infrastructure Engineer,GeBBS Consulting,Remote,Full-time,$60 - $70 an hour,Remote,4 days ago
Autonomous Vehicle System Test Manager,Argo AI,"Palo Alto, CA",,,,Just posted
Frontend Engineer,,California,,,Remote,3 days ago
Software Engineer - Frostbite Schematics C++ C#,Electronic Arts,"Seattle, WA",,,,Today
Network Administrator/Engineer,,"Myrtle Beach, SC 29575",,,,5 days ago
Program Manager - Azure,,Remote,Full-time,$75 - $85 an hour,Remote,13 days ago
Staff Engineer,,"Houston, TX",,,,11 days ago
Materials Manager,Teleflex,"Chelmsford, MA 01824",,,,Just posted
Product Support Engineer,Thermo Fisher Scientific,"South San Francisco, CA 94080",,,,Today
"Partner Engineer, TV and Media Operations, YouTube",YouTube,"San Bruno, CA",,,,1 day ago
"Regional Loss Prevention Manager,",Amazon.com Services LLC,"Bessemer, AL",,,,4 days ago
Project Engineer/Manager,Hargrove Engineers + Constructors,"Carson, CA 90810",Number of hires for this role,,,Just posted
Recreation Manager,City of Galveston,"Galveston, TX",,,,3 days ago
eCom Full Stack Engineer,PepsiCo,"Palo Alto, CA",,,,Today
"Network Senior Business Manager, OSD - remote all US or Canada",Thermo Fisher Scientific,"Atlanta, GA 30301",,,Remote,Today
PROGRAM MANAGER - EHC,Equus Workforce Solutions,"San Diego, CA 92108",,,,Today
Automation Engineer I API,Novo Nordisk,"Clayton, NC",,,,Just posted
Customer Support Engineer,Headset,Remote,Full-time,"From $50,000 a year",Remote,5 days ago
Hospital Billing Leader,,Remote,Full-time,$22 - $25 an hour,Remote,14 days ago
Manufacturing Engineer,LOCKHEED MARTIN CORPORATION,"Orlando, FL 32825",,,,5 days ago
Manager Physician Practice,Northside Hospital,"Lawrenceville, GA",,,,6 days ago
General Manager,,Remote,Full-time,"$60,000 a year",Remote,7 days ago
Junior Ops Engineer,The CE Shop,"Greenwood Village, CO 80111",,"$55,000 - $60,000 a year",Remote,Today
"Sr. HR Manager, NACF",Amazon.com Services LLC,"Canton, MS",,,,7 days ago
Wireline Engineers and Operators,Renegade Wireline Services,"Casper, WY 82604",Full-time,"$70,000 - $100,000 a year",,14 days ago
Release Train Engineer,,"Suitland, MD",,,Remote,14 days ago
"Manager, Network Engineer",KPMG,"Atlanta, GA 30308",,,,11 days ago
Associate WTG Engineer,,"Austin, TX",,,,11 days ago
Senior Software Engineer,,Remote,Full-time,"$130,000 - $160,000 a year",Remote,Today
Regional Manager,Luxottica,"Tampa, FL 33619",,,,7 days ago
"Metallurgist Engineer, Castings - Gigafactory Texas",Tesla,"Austin, TX",,,,12 days ago
Production Engineer,Weatherford,"Houston, TX 77056",,,,10 days ago
Engineer Sr,Nordstrom,"Seattle, WA",,,,4 days ago
Assistant Sourcing Manager,California Closets,Remote,,,Remote,5 days ago
Stripsteak F&B General Manager,"Fontainebleau Florida Hotel, LLC","Miami Beach, FL 33140",,,,Today
Guide Success Manager (Client Customer Success),,Remote,Full-time,"$50,000 - $70,000 a year",Remote,6 days ago
Medical Information Manager - Oncology,,Remote,Full-time,$58 - $63 an hour,Remote,Today
Regional Sales Manager,Interface Inc.,"Scottsdale, AZ 85260",,,,Just posted
TEST ENGINEER,"Honda R&D Americas, Inc.","Raymond, OH 43067",,,,1 day ago
Regional Manager,Luxottica Group,"Tampa, FL 33619",,,,7 days ago
Program Manager,US Department of Homeland Security,"Washington, DC",,"$122,530 - $159,286 a year",,5 days ago
Software Engineer - Streaming,Splunk,"Austin, TX 73301",,,,6 days ago
Building Engineer (9),Worcester Communities,"Kansas City, MO 64106",Full-time,$20 - $27 an hour,,10 days ago
Sr. Manufacturing Engineer,Uponor,"Hutchinson, MN",Full-time,$33 - $43 an hour,,12 days ago
VMware Engineer with Perl or Python,,"Longmont, CO",Contract,,,7 days ago
"Patent Associate, Agent or Engineer (Mechanical)",,United States,,,,11 days ago
Senior Software Engineer,iHerb,Remote,Full-time,"$120,355 - $180,690 a year",Remote,Today
Sourcing and Vendor Manager,,"San Antonio, TX",Full-time,"From $9,600 a month",,5 days ago
Maintenance Supervisor,,"Cadillac, MI 49601",Number of hires for this role,,,7 days ago
Senior Test Engineer - Fuel Cell Systems,,"Fremont, CA 94539",Number of hires for this role,,,11 days ago
Software Engineer 3,eBay Inc.,"Bellevue, WA",,,,Just posted
Personal Lines Account Manager,,"Hendersonville, NC 28792",Full-time,"From $36,000 a year",,13 days ago
Associate Product Review Engineer,BOEING,"Mesa, AZ 85215",,,,3 days ago
"Sales Engineer ""3 Years Experience Required""",,"Raleigh-Durham, NC",Full-time,"$40,405 - $90,000 a year",,5 days ago
Middle DevOps Engineer,,United States,,,,Today
Systems Engineer for Broadcast Television,,"Plymouth, WI",Full-time,$24 - $29 an hour,,13 days ago
Senior Tax Manager,Hungerford Nichols CPAs + Advisors,"Allendale, MI",Full-time,"From $90,000 a year",Temporarily remote,13 days ago
Manufacturing Engineer 1,Lam Research,"Fremont, CA 94538",,,,Today
Operations Manager,Long Fence,"Odenton, MD 21113",Full-time,"$125,000 - $130,000 a year",,Today
Inventory Manager,,Remote,,,Remote,7 days ago
Operations/Business Manager,,Remote,Full-time,"$1,000 - $1,500 a week",Remote,5 days ago
Junior Ops Engineer,The CE Shop,"Greenwood Village, CO 80111",,"$55,000 - $60,000 a year",Remote,Today
Test Engineer I,Nova Biomedical,"Waltham, MA 02454",,,,5 days ago
Associate WTG Engineer,RWE,"Austin, TX",,,,11 days ago
Ansible Engineer,,Remote,Full-time,"$150,000 - $175,000 a year",Remote,8 days ago
Quality Assurance Automation Engineer,,Remote,Full-time,"$50,737 - $129,866 a year",Temporarily remote,Today
Full Stack Engineer,,Remote,,,Remote,Today
Continuous Improvement Engineer,Louis Vuitton,"San Dimas, CA",,,,4 days ago
Regional Manager,Luxottica Group,"Tampa, FL 33619",,,,7 days ago
Front Desk Manager,Glenwood Hot Springs,"Glenwood Springs, CO 81602",,"$46,445 - $50,000 a year",,6 days ago
Backend Engineer,,"Atlanta, NY",,,,4 days ago
Manager - Global Media Insights,American Express,"New York, NY 10281",Part-time,,Temporarily remote,Just posted
"Manager, Software Engineering",opentext,Remote,,,Remote,3 days ago
"Project Manager/Engineer - Grand Prairie, TX",LOCKHEED MARTIN CORPORATION,"Grand Prairie, TX 75051",,,,4 days ago
RF Microwave R&D technician or engineer,,United States,Part-time,,,1 day ago
Senior Project Manager,,Remote,Full-time,"$109,000 - $149,000 a year",Remote,6 days ago
Client Relationship Manager,,"Henderson, NV 89074",Full-time,"$49,000 - $80,200 a year",Temporarily remote,3 days ago
Big Data Engineer,,"Austin, TX",Full-time,"$92,471 - $182,709 a year",Temporarily remote,13 days ago
Data Engineer,,"San Francisco, CA",Number of hires for this role,,Remote,Just posted
Application Developer Apprentice,IBM,West Virginia,,,,Today
Quality Engineer- Senior,DJO Global,"Houston, TX",,,,Today
Retail Learning and Development Manager,Crocs,"Broomfield, CO 80023",,"$71,500 - $107,300 a year",,5 days ago
Culture Branding Program Manager,Rackspace,"San Antonio, TX",,,Remote,4 days ago
Franchised General Manager,"Marriott International, Inc","Winter Garden, FL",,,,7 days ago
Project Manager,,Remote,Full-time,$65 - $70 an hour,Remote,12 days ago
Executive Assistant/Office Manager,Bladen County EMS,Remote,Full-time,$13 - $33 an hour,Remote,6 days ago
"Junior Software Engineer, RoR",Reynolds and Reynolds,"Houston, TX 77001",,,,Just posted
Robotics Engineer,,"Fremont, CA",,,,Today
Software Test Engineer,Illumina,"San Diego, CA",,,,Today
Team Manager,Westinghouse Electric Company,"Hopkins, SC 29061",,,,Today
Frontend/Solutions Engineer,,California,,,Remote,6 days ago
Administrative Manager,Solid Ground,"Seattle, WA 98103",,"From $68,515 a year",,12 days ago
Office Manager,,Remote,Full-time,$19 - $29 an hour,Remote,Today
Account Manager,,Remote,Full-time,"$800 - $1,000 a week",Remote,Just posted
Test Engineer,L3Harris Technologies,"Arlington, TX",,,,Today
"100% Remote, Quality Assurance Engineer","Infinity Consulting Solutions, Inc.","Atlanta, GA",,,Remote,4 days ago
Mainframe Engineer,GalaxE.Solutions,"Tampa, FL",,,Remote,4 days ago
UI/Front-end Engineer,,"Sunnyvale, CA",,,,Today
Test Engineer,Doosan Bobcat,"Sahuarita, AZ 85629",,,,7 days ago
Civil Engineer or Construction Manager to provide Inspection Services,,"New Orleans, LA 70115",Full-time,"From $70,000 a year",,11 days ago
Systems Engineer II,,"Bar Harbor, ME 04609",Full-time,"$77,000 - $87,000 a year",,4 days ago
Software Engineer Associate,"JPMorgan Chase Bank, N.A.","Lewisville, TX",,,,14 days ago
Sr. R&D Engineer,,"Santa Rosa, CA 95403",Full-time,$41 - $58 an hour,,7 days ago
IT Solutions Engineer/Systems Administrator,,"Rapid City, SD 57703",Full-time,"$50,000 - $65,000 a year",,14 days ago
Customer Support Training and QA Manager,Lime,Remote,,,Remote,7 days ago
Cyber Intelligence Collections Manager,DEPT OF INFO TECH & TELECOMM,"Manhattan, NY 10007",,"$78,795 - $110,000 a year",,Just posted
National Account Manager (Remote),Lowe's,"Fairfax, VA 22030",,,Remote,Today
"Customer Experience Manager - Knoxville, TN",Tesla,"Knoxville, TN",,,,7 days ago
Full Stack Engineer,,Remote,Contract,,Remote,Just posted
Translation Project Manager - Remote (US Based),,"Davis, CA 95616",,,Remote,Today
BI Engineer,Amazon.com Services LLC,"Seattle, WA",,,,4 days ago
IT Support Engineer L2&L3,,"Ridgeville, SC",Full-time,"$5,000 a month",,Just posted
VMware Engineer with Perl or Python,,"Longmont, CO",Contract,,,7 days ago
Cost Estimator- Quoting Engineer,Forest City Gear Company,"Roscoe, IL 61073",Full-time,"$40,000 - $90,000 a year",,11 days ago
Controls Engineer,,"Lapeer, MI 48446",Full-time,$15 - $40 an hour,,5 days ago
Senior Test Engineer - Fuel Cell Systems,,"Fremont, CA 94539",Number of hires for this role,,,11 days ago
Desk Side Engineer – Senior,Chenega Corporation,"Lakewood, CO 80228",,"$90,000 a year",,4 days ago
Sr Manufacturing Manager,Medtronic,"Villalba Municipio, PR",,,,4 days ago
Associate Engineer-US,"Kennametal, Inc.","Orwell, OH",,,,4 days ago
Validation Engineer,,"Dorado Municipio, PR",Full-time,$15 - $30 an hour,,Just posted
Electrical Engineer- Digital/FPGA or Analog Designer,,"Atlanta, GA",Full-time,"$88,000 - $120,000 a year",,10 days ago
VENUE OPERATIONS MANAGER,,"Las Vegas, NV",,,,5 days ago
Account Manager,Visa,"Ashburn, VA",,,,6 days ago
"Machine Learning Engineer - Fraud Engineering, Algorithms, and Risk",Apple,"Santa Clara Valley, CA 95014",,,,6 days ago
Hangar Door Engineer,,"Eustis, FL 32726",Full-time,"$70,000 - $80,000 a year",,4 days ago
Recruiting Coordinator Manager,Square,"San Francisco, CA",,,,Today
"lead manager data science, Knowledge Management & Data Literacy - Seattle, WA or Remote",Starbucks,"Seattle, WA 98134",,,Remote,4 days ago
Resource Manager,DocuSign,California,,,Remote,Today
Sourcing and Vendor Manager,,"San Antonio, TX",Full-time,"From $9,600 a month",,5 days ago
Operations Manager,Long Fence,"Odenton, MD 21113",Full-time,"$125,000 - $130,000 a year",,Today
Mar-09-2021 Sr. Network Engineer,,"Abingdon, MD 21009",,,,Today
Assistant Sourcing Manager,California Closets,Remote,,,Remote,5 days ago
Plant Manager,,"Clay City, KY 40312",Full-time,"$75,000 - $100,000 a year",,Today
Associate Product Review Engineer,BOEING,"Mesa, AZ 85215",,,,3 days ago
Continuous Improvement Engineer,Louis Vuitton,"San Dimas, CA",,,,4 days ago
Data Engineer,,"San Francisco, CA",Number of hires for this role,,Remote,Just posted
Associate WTG Engineer,,"Austin, TX",,,,11 days ago
Structural Engineer Level II,Worley,"Prudhoe Bay, AK",,,,Today
Sr. Field Engineer (NETA IV or Eqvlnt Exp),ABM Industries,"Halethorpe, MD 21227",,$55 an hour,,7 days ago
BI Software Engineer (Remote/WFH),,"De Pere, WI",,,Remote,6 days ago
"Metallurgist Engineer, Castings - Gigafactory Texas",Tesla,"Austin, TX",,,,12 days ago
HRIS Manager (Workday),"Sonic Healthcare USA, Inc",United States,,,,Just posted
,,,,,,3 days ago
,,,,,,Today
,,,,,,14 days ago
,,,,,,Today
,,,,,,Just posted
,,,,,,12 days ago
